-- Inserção  na tabela perguntas
INSERT INTO perguntas(id, nome) VALUES 
(1, 'selecione os tipos de evento que você gosta:');


-- Inserção na tabela usuario
INSERT INTO usuario (nome, email, cpf, data_nascimento, imagem, nickname, genero, senha, uf, bairro, CEP, cidade, logradouro) VALUES 
('João Silva', 'joao.silva@email.com', '12345678900', '1974-05-12', 'https://encrypted-tbn0.gstatic.com/images?q=tbn:ANd9GcR4pzhDzR7YNDkT7hO4cunLpwS-LjFgZaE44g&s', 'joaos', 'M', 'senha123', 'SP', 'Centro', '01001000', 'São Paulo', 'Rua A'),
('Maria Oliveira', 'maria.oliveira@email.com', '23456789011', '1982-11-30', 'https://encrypted-tbn0.gstatic.com/images?q=tbn:ANd9GcSF2WASuoDQyliPpmjZq_xtWrGOuxJUoI83Lw&s', 'mariao', 'F', 'senha456', 'RJ', 'Copacabana', '22050000', 'Rio de Janeiro', 'Avenida B'),
('Pedro Santos', 'pedro.santos@email.com', '34567890122', '1995-03-25', 'https://www.agendartecultura.com.br/wp-content/uploads/2022/12/meneson.jpg', 'pedros', 'M', 'senha789', 'MG', 'Savassi', '30120000', 'Belo Horizonte', 'Rua C'),
('Ana Costa', 'ana.costa@email.com', '45678901233', '2000-07-14', 'https://s2-oglobo.glbimg.com/6Jszzah_XGYop6I173dS4OE4lGQ=/0x107:2362x1557/888x0/smart/filters:strip_icc()/i.s3.glbimg.com/v1/AUTH_da025474c0c44edd99332dddb09cabe8/internal_photos/bs/2023/B/7/BTZjbdREKYomgDBUVfIQ/jenn-granneman-5.jpg', 'anac', 'F', 'senha101', 'RS', 'Centro', '90010000', 'Porto Alegre', 'Rua D'),
('Lucas Pereira', 'lucas.pereira@email.com', '56789012344', '1978-09-22', 'https://static1.minhavida.com.br/articles/64/fe/df/e8/mediabox-pessoas-sempre-insatisfeitas-orig-1.jpg', 'lucasp', 'M', 'senha102', 'BA', 'Barra', '40010000', 'Salvador', 'Avenida E'),
('Fernanda Lima', 'fernanda.lima@email.com', '67890123455', '1991-06-08', 'https://www.psicologoeterapia.com.br/wp-content/uploads/pessoas-altamente-sensiveis-1024x768.jpg', 'fernandal', 'F', 'senha103', 'CE', 'Meireles', '60160000', 'Fortaleza', 'Rua F'),
('Roberto Almeida', 'roberto.almeida@email.com', '78901234566', '1987-12-19', 'https://conteudo.imguol.com.br/c/noticias/73/2021/03/11/guilherme-chiapetti-de-apenas-22-anos-esta-entre-as-330-pessoas-que-morreram-enquanto-tentavam-tirar-selfies-1615493010155_v2_900x900.png', 'robertoa', 'M', 'senha104', 'PE', 'Boa Viagem', '51020000', 'Recife', 'Avenida G'),
('Juliana Martins', 'juliana.martins@email.com', '89012345677', '2005-04-03', 'https://www.portaldoholanda.com.br/sites/default/files/imagecache/2020_noticia_fotogrande/portaldoholanda-portaldoholanda-portaldoholanda-whatsappimage2022-11-11at74356pm-1191112-1191112-1191112.jpeg', 'julianam', 'F', 'senha105', 'DF', 'Asa Norte', '70000000', 'Brasília', 'Rua H'),
('Carlos Souza', 'carlos.souza@email.com', '90123456788', '1993-10-17', 'https://ogimg.infoglobo.com.br/in/22286655-81b-b82/FT1086A/reproducao-facebook.jpg', 'carloss', 'M', 'senha106', 'PR', 'Centro', '80000000', 'Curitiba', 'Rua I'),
('Tatiane Rocha', 'tatiane.rocha@email.com', '01234567899', '1989-02-11', 'https://encrypted-tbn0.gstatic.com/images?q=tbn:ANd9GcSPrgjY4tx9hGDgaF9yFRr1UuX2rIcz2F8w-Q&s', 'tatianer', 'F', 'senha107', 'SC', 'Centro', '88000000', 'Florianópolis', 'Rua J'),
('Lucas Almeida', 'lucas.almeida@email.com', '32165498700', '2002-01-15', 'https://encrypted-tbn0.gstatic.com/images?q=tbn:ANd9GcSp_VXe453lEKZkGzLHLABhu1-gSJmjSg_6xoDBz8ccSgwI4MscFnvKAu5zPrdkanshKRY&usqp=CAU', 'lucasa', 'M', 'senhaabc', 'SP', 'Vila Mariana', '04100000', 'São Paulo', 'Rua 1'),
('Claudia Campos', 'claudia.campos@email.com', '43216598711', '1980-07-22', 'https://www.frasesdobem.com.br/wp-content/uploads/2021/09/frases-de-elogio-a-beleza.jpg', 'claudiac', 'F', 'senhabcd', 'RJ', 'Ipanema', '22020000', 'Rio de Janeiro', 'Avenida 2'),
('Thiago Martins', 'thiago.martins@email.com', '54327689122', '1977-03-05', 'https://www.frasesdobem.com.br/wp-content/uploads/2019/11/frases-de-beleza.jpg', 'thiagom', 'M', 'senhaefg', 'MG', 'Lourdes', '30130000', 'Belo Horizonte', 'Rua 3'),
('Juliana Ferreira', 'juliana.ferreira@email.com', '65438790233', '1996-06-24', 'https://super.abril.com.br/wp-content/uploads/2017/01/pessoas-que-ficam-vermelhas-facilmente-sacc83o-mais-generosas-e-inspiram-mais-confianccca7a.jpg?crop=1&resize=1212,909', 'julianaf', 'F', 'senhaghi', 'RS', 'Moinhos de Vento', '90510000', 'Porto Alegre', 'Rua 4'),
('Rafael Costa', 'rafael.costa@email.com', '76549801344', '1984-10-31', 'https://www.pensarcontemporaneo.com/content/uploads/2023/01/image-1.jpg', 'rafaelc', 'M', 'senhaijk', 'BA', 'Pituba', '41810000', 'Salvador', 'Avenida 5'),
('Beatriz Lima', 'beatriz.lima@email.com', '87650912455', '1972-08-17', 'https://encrypted-tbn0.gstatic.com/images?q=tbn:ANd9GcTuDMcshKfvQLRzHXgStbQRS4tJVg9y-zxqqMicdwI94bEEH5xrUlKhkZ3ss_ct3EFtprE&usqp=CAU', 'beatrizl', 'F', 'senhalmn', 'CE', 'Centro', '60180000', 'Fortaleza', 'Rua 6'),
('João Pedro', 'joao.pedro@email.com', '98761023566', '1998-09-19', 'https://encrypted-tbn0.gstatic.com/images?q=tbn:ANd9GcRqJ2wMg1wkQwr9Y9r1A1FrUrl6VktHOgTtk4FsKhwdKnJnQ09w9fDfVoshq8pv3Wea5tI&usqp=CAU', 'joaopedro', 'M', 'senhamno', 'PE', 'Casa Forte', '52060000', 'Recife', 'Avenida 7'),
('Patricia Santos', 'patricia.santos@email.com', '19872345677', '1983-02-02', 'https://engenharia360.com/wp-content/uploads/2019/05/esta-pessoa-nao-existe-engenharia360-4.png.webp', 'patricias', 'F', 'senhapqr', 'DF', 'Águas Claras', '72000000', 'Brasília', 'Rua 8'),
('Fernando Silva', 'fernando.silva@email.com', '10983456788', '1994-12-11', 'https://encrypted-tbn0.gstatic.com/images?q=tbn:ANd9GcRu58tg2MkDbGEqtWGv5BLNsosA1uLXZMIyPnVZYAyhZ6UDwBhOxP-FYNmr13bOubiZ34M&usqp=CAU', 'fernandos', 'M', 'senhasrt', 'PR', 'Juvevê', '80050000', 'Curitiba', 'Rua 9'),
('Camila Rodrigues', 'camila.rodrigues@email.com', '21094567899', '2001-05-09', 'https://encrypted-tbn0.gstatic.com/images?q=tbn:ANd9GcR4XZ-PGez7MZQ67PWHgalwliNyDDScu0CNgC1h1qFQnnCERW_Vm0puSRN1K6LTY9YgFWY&usqp=CAU', 'camilar', 'F', 'senhatuv', 'SC', 'Trindade', '88040000', 'Florianópolis', 'Rua 10'),
('Gabriel Souza', 'gabriel.souza@email.com', '32198765400', '1975-11-23', 'https://media.licdn.com/dms/image/v2/C4D12AQGmMcitg4XaXw/article-inline_image-shrink_1500_2232/article-inline_image-shrink_1500_2232/0/1556572680889?e=1730937600&v=beta&t=gcO0ewuEiHm6n5GerUFM1BKBLzrsNMvfjF4Rz_JqHko', 'gabriels', 'M', 'senha1234', 'SP', 'Jardim Paulista', '01454000', 'São Paulo', 'Rua 11'),
('Isabela Lima', 'isabela.lima@email.com', '43219876511', '1988-08-14', 'https://newr7-r7-prod.web.arc-cdn.net/resizer/v2/3PEEVMRB75K53F3ADUTK25NDLA.jpg?auth=78d9120a6ae79cc9562dea70f18fb60dc1be47c75806f01abfcb20c105ea9477&width=1024&height=1024', 'isabelal', 'F', 'senha5678', 'RJ', 'Leblon', '22471000', 'Rio de Janeiro', 'Avenida 12'),
('Daniel Costa', 'daniel.costa@email.com', '54321098722', '1997-01-26', 'https://cloudfront-us-east-1.images.arcpublishing.com/newr7/ZVZDZNC3OZO53LGDQ5PGI537UA.jpg', 'danielc', 'M', 'senha9101', 'MG', 'Funcionários', '30180000', 'Belo Horizonte', 'Rua 13'),
('Larissa Pereira', 'larissa.pereira@email.com', '65432109833', '2004-09-03', 'https://cloudfront-us-east-1.images.arcpublishing.com/newr7/PYS2YNEU3BJ3LH75NVFAXDTWYU.jpg', 'larissap', 'F', 'senha1122', 'RS', 'Vila Jardim', '90240000', 'Porto Alegre', 'Rua 14'),
('Felipe Almeida', 'felipe.almeida@email.com', '76543210944', '1999-04-15', 'https://cloudfront-us-east-1.images.arcpublishing.com/newr7/DYATFOEIKFIF7ERDG5EJEZL43Q.jpg', 'felipea', 'M', 'senha3344', 'BA', 'Barra', '40150000', 'Salvador', 'Avenida 15'),
('Mariana Oliveira', 'mariana.oliveira@email.com', '87654321055', '1976-02-29', 'https://cloudfront-us-east-1.images.arcpublishing.com/newr7/VHYSHVIISNKO5E4UBYQOYJ2ITY.jpg', 'marianao', 'F', 'senha5566', 'CE', 'Aldeota', '60150000', 'Fortaleza', 'Rua 16'),
('Vinícius Santos', 'vinicius.santos@email.com', '98765432166', '1981-11-10', 'https://pbs.twimg.com/media/FMNCvxgXoAE8JUW.jpg', 'viniciuss', 'M', 'senha7788', 'PE', 'Pina', '52070000', 'Recife', 'Avenida 17'),
('Amanda Rodrigues', 'amanda.rodrigues@email.com', '19876543277', '1990-03-18', 'https://p2.trrsf.com/image/fget/cf/1200/1600/middle/images.terra.com/2023/08/21/pessoasnegras-qdytpj1yb4v5.jpg', 'amandar', 'F', 'senha9900', 'DF', 'Park Way', '72200000', 'Brasília', 'Rua 18'),
('Roberta Martins', 'roberta.martins@email.com', '10987654388', '1973-09-25', 'https://www.mantecorpskincare.com.br/blog/assets/images/blog/posts/pessoas-com-sarda-no-rosto1.png', 'robertam', 'F', 'senha2233', 'PR', 'Bigorrilho', '80730000', 'Curitiba', 'Rua 19'),
('Eduardo Fernandes', 'eduardo.fernandes@email.com', '21098765499', '2003-06-12', 'https://universo.salonline.com.br/wp-content/uploads/2018/05/sardas.jpg', 'eduardof', 'M', 'senha4455', 'SC', 'Centro', '88015000', 'Florianópolis', 'Rua 20'),
('Ana Beatriz', 'ana.beatriz@email.com', '12378945600', '1986-07-07', 'https://cdn.pixabay.com/photo/2021/05/30/13/38/girl-6295916_1280.jpg', 'anab', 'F', 'senhaabcd', 'SP', 'Moema', '04076000', 'São Paulo', 'Rua 21'),
('Marcelo Andrade', 'marcelo.andrade@email.com', '23489056711', '1979-05-30', 'https://i.pinimg.com/236x/cb/75/07/cb7507a78c22da0f36f82c0c5718e822.jpg', 'marceloa', 'M', 'senhadcba', 'RJ', 'Santa Teresa', '20240000', 'Rio de Janeiro', 'Rua 22'),
('Renata Silva', 'renata.silva@email.com', '34590167822', '1992-02-14', 'https://encrypted-tbn0.gstatic.com/images?q=tbn:ANd9GcSXkPl0NaWecOa8YQD9sNio-5eLvyjr27js3TUhhVejjJxeWoFnxQlYhW2bepaThdtbOoI&usqp=CAU', 'renatas', 'F', 'senha1234', 'MG', 'Centro', '30150000', 'Belo Horizonte', 'Avenida 23'),
('Rodrigo Campos', 'rodrigo.campos@email.com', '45601278933', '2006-12-27', 'https://img.freepik.com/foto-premium/una-donna-dai-capelli-rossi_777078-56374.jpg?w=360', 'rodrigoc', 'M', 'senha2345', 'RS', 'Cidade Baixa', '90030000', 'Porto Alegre', 'Rua 24'),
('Sofia Oliveira', 'sofia.oliveira@email.com', '56712389044', '1985-10-22', 'https://www.jornalopcao.com.br/assets/2024/01/jogador-17.jpg.webp', 'sofiao', 'F', 'senha3456', 'BA', 'Campo Grande', '41750000', 'Salvador', 'Avenida 25'),
('Julio Almeida', 'julio.almeida@email.com', '67823490155', '1990-09-09', 'https://hypescience.com/wp-content/uploads/2010/03/feliz.jpg', 'julioa', 'M', 'senha4567', 'CE', 'Vila União', '60540000', 'Fortaleza', 'Rua 26'),
('Mariana Costa', 'mariana.costa@email.com', '78934501266', '1971-06-02', 'https://www.tribunapr.com.br/wp-content/uploads/2020/08/16145536/jovem-feliz-freepik-ArthurHidden-1.jpg', 'marianac', 'F', 'senha5678', 'PE', 'Boa Vista', '52080000', 'Recife', 'Avenida 27'),
('Thiago Freitas', 'thiago.freitas@email.com', '89045612377', '2000-12-01', 'https://www.eusemfronteiras.com.br/wp-content/uploads/2017/04/54033405_m-810x540.jpg', 'thiagof', 'M', 'senha6789', 'DF', 'Taguatinga', '72110000', 'Brasília', 'Rua 28'),
('Camila Pereira', 'camila.pereira@email.com', '90156723488', '1993-05-19', 'https://www.eusemfronteiras.com.br/wp-content/uploads/2017/04/54033405_m-810x540.jpg', 'camilap', 'F', 'senha7890', 'PR', 'Higienópolis', '80230000', 'Curitiba', 'Rua 29'),
('Felipe Rodrigues', 'felipe.rodrigues@email.com', '01267834599', '1988-03-25', 'https://www.eusemfronteiras.com.br/wp-content/uploads/2017/04/54033405_m-810x540.jpg', 'feliper', 'M', 'senha8901', 'SC', 'Estreito', '88075000', 'Florianópolis', 'Rua 30'),
('Juliano Martins', 'juliano.martins@email.com', '32165498701', '1981-02-09', 'https://www.eusemfronteiras.com.br/wp-content/uploads/2017/04/54033405_m-810x540.jpg', 'julianom', 'M', 'senhaabc1', 'SP', 'Vila Madalena', '05442000', 'São Paulo', 'Rua 31'),
('Patricia Alves', 'patricia.alves@email.com', '43216598712', '2007-07-13', 'https://www.psicologoeterapia.com.br/wp-content/uploads/como-lidar-pessoas-estressadas.jpg', 'patriciaa', 'F', 'senhaabc2', 'RJ', 'Botafogo', '22270000', 'Rio de Janeiro', 'Rua 32'),
('Felipe Pereira', 'felipe.pereira@email.com', '54327689123', '1980-01-23', 'https://www.psicologoeterapia.com.br/wp-content/uploads/como-lidar-pessoas-estressadas.jpg', 'felipep', 'M', 'senhaabc3', 'MG', 'Santa Tereza', '31070000', 'Belo Horizonte', 'Rua 33'),
('Larissa Oliveira', 'larissa.oliveira@email.com', '65438790234', '1996-10-05', 'https://cdn.prod.website-files.com/647e410aa35e6ce70fed96cd/65e7825029e9dcad06387924_afya-educacao-medica-hormonizacao-para-pessoas-trans.jpeg', 'larissao', 'F', 'senhaabc4', 'RS', 'Bom Fim', '90020000', 'Porto Alegre', 'Rua 34'),
('Lucas Rocha', 'lucas.rocha@email.com', '76549801345', '2005-11-20', 'https://diariodonordeste.verdesmares.com.br/image/contentid/policy:1.3026733:1609079128/fotosynestesia.jpeg?f=16x9&$p$f=ddf3e55', 'lucasr', 'M', 'senhaabc5', 'BA', 'Cajazeiras', '41700000', 'Salvador', 'Rua 35'),
('Amanda Santos', 'amanda.santos@email.com', '87650912456', '1991-08-04', 'https://projetocolabora.com.br/wp-content/uploads/2024/05/avatar_user_819_1715906604-150x150.jpg', 'amandas', 'F', 'senhaabc6', 'CE', 'Papicu', '60160000', 'Fortaleza', 'Rua 36'),
('Roberto Lima', 'roberto.lima@email.com', '98761023567', '1974-12-27', 'https://s2-g1.glbimg.com/9HOKTEC7HIjiXMksb3Mx5KbKFUA=/0x0:1200x1599/600x0/smart/filters:gifv():strip_icc()/i.s3.glbimg.com/v1/AUTH_59edd422c0c84a879bd37670ae4f538a/internal_photos/bs/2023/K/5/T4hSpzSAOtssLAaOS65w/fernanda-aleixo.jpeg', 'robertol', 'M', 'senhaabc7', 'PE', 'Casa Forte', '52090000', 'Recife', 'Rua 37'),
('Mariana Gomes', 'mariana.gomes@email.com', '19872345678', '1999-06-16', 'https://s2-g1.glbimg.com/ubrzCTVS2VgzkOWzuVXdK7z5JP8=/0x0:971x1263/984x0/smart/filters:strip_icc()/i.s3.glbimg.com/v1/AUTH_59edd422c0c84a879bd37670ae4f538a/internal_photos/bs/2021/v/D/071WRtSiO3dsnwkfmspA/screenshot-20211216-171542-2.png', 'marianag', 'F', 'senhaabc8', 'DF', 'Sudoeste', '70680000', 'Brasília', 'Rua 38'),
('Carlos Oliveira', 'carlos.oliveira@email.com', '10983456789', '1983-11-28', 'https://encrypted-tbn0.gstatic.com/images?q=tbn:ANd9GcQRq7Z8EnZSMdcbzgUZGLMqiexeYUuVmNXCGGaNOek0rPCVNtzKtWU11Ak0a5XmPZCfEQ4&usqp=CAU', 'carloso', 'M', 'senhaabc9', 'PR', 'Rebouças', '80215000', 'Curitiba', 'Rua 39'),
('Sofia Martins', 'sofia.martins@email.com', '21094567890', '1978-07-11', 'https://img.freepik.com/fotos-gratis/jovem-usando-colar-de-corrente_23-2149490510.jpg', 'sofiam', 'F', 'senhaabc0', 'SC', 'Santo Antônio', '88020000', 'Florianópolis', 'Rua 40'),
('Eduarda Ribeiro', 'eduarda.ribeiro@email.com', '32145698712', '1995-04-02', 'https://s2.glbimg.com/3Dc-vzwl_h9mK4TVzzEicytDJmc=/smart/e.glbimg.com/og/ed/f/original/2021/06/24/samporto_163962995_263322978834826_6350323499337216419_n.jpg', 'eduardar', 'F', 'senha1111', 'SP', 'Perdizes', '05021000', 'São Paulo', 'Rua 41'),
('Bruno Martins', 'bruno.martins@email.com', '43256789023', '2002-08-08', 'https://www.psicologosberrini.com.br/wp-content/uploads/como-lidar-com-pessoas-arrogantes-no-trabalho.jpg', 'brunom', 'M', 'senha2222', 'RJ', 'São Conrado', '22610000', 'Rio de Janeiro', 'Rua 42'),
('Camila Souza', 'camila.souza@email.com', '54367890134', '1987-01-29', 'https://classic.exame.com/wp-content/uploads/2018/02/arrogante_fr.jpg?quality=70&strip=info&w=1024', 'camilas', 'F', 'senha3333', 'MG', 'Cidade Nova', '30350000', 'Belo Horizonte', 'Rua 43'),
('Gabriel Araújo', 'gabriel.araujo@email.com', '65478901245', '1989-12-03', 'https://classic.exame.com/wp-content/uploads/2018/02/arrogante_fr.jpg?quality=70&strip=info&w=1024', 'gabriela', 'M', 'senha4444', 'RS', 'Três Figueiras', '90440000', 'Porto Alegre', 'Rua 44'),
('Renata Lima', 'renata.lima@email.com', '76589012356', '2001-11-17', 'https://classic.exame.com/wp-content/uploads/2018/02/arrogante_fr.jpg?quality=70&strip=info&w=1024', 'renatal', 'F', 'senha5555', 'BA', 'Pituba', '41820000', 'Salvador', 'Rua 45'),
('João Vitor', 'joao.vitor@email.com', '87690123467', '1997-03-08', 'https://classic.exame.com/wp-content/uploads/2018/02/arrogante_fr.jpg?quality=70&strip=info&w=1024', 'joaov', 'M', 'senha6666', 'CE', 'Meireles', '60150000', 'Fortaleza', 'Rua 46'),
('Marceline Costa', 'marceline.costa@email.com', '98701234578', '1982-06-21', 'https://encrypted-tbn0.gstatic.com/images?q=tbn:ANd9GcTQFCilGVAkWofzYWSb0bQOfivPYiwcw4theYVk0YugXqe1gn7Eg8zTqbT2p-j8X4hmV6w&usqp=CAU', 'marcelinec', 'F', 'senha7777', 'PE', 'Espinheiro', '52060000', 'Recife', 'Rua 47'),
('Felipe Silva', 'felipe.silva@email.com', '19812345689', '1979-09-14', 'https://encrypted-tbn0.gstatic.com/images?q=tbn:ANd9GcTQFCilGVAkWofzYWSb0bQOfivPYiwcw4theYVk0YugXqe1gn7Eg8zTqbT2p-j8X4hmV6w&usqp=CAU', 'felipes', 'M', 'senha8888', 'DF', 'Águas Claras', '72200000', 'Brasília', 'Rua 48'),
('Juliana Castro', 'juliana.castro@email.com', '10923456790', '2004-02-10', 'https://encrypted-tbn0.gstatic.com/images?q=tbn:ANd9GcTQFCilGVAkWofzYWSb0bQOfivPYiwcw4theYVk0YugXqe1gn7Eg8zTqbT2p-j8X4hmV6w&usqp=CAU', 'julianac', 'F', 'senha9999', 'PR', 'Centro', '80010000', 'Curitiba', 'Rua 49'),
('Roberto Freitas', 'roberto.freitas@email.com', '21034567801', '1998-11-26', 'https://encrypted-tbn0.gstatic.com/images?q=tbn:ANd9GcTQFCilGVAkWofzYWSb0bQOfivPYiwcw4theYVk0YugXqe1gn7Eg8zTqbT2p-j8X4hmV6w&usqp=CAU', 'robertof', 'M', 'senha0000', 'SC', 'Santo Antônio', '88040000', 'Florianópolis', 'Rua 50'),
('Joana Carvalho', 'joana.carvalho@email.com', '32178945601', '1984-04-27', 'https://encrypted-tbn0.gstatic.com/images?q=tbn:ANd9GcTQFCilGVAkWofzYWSb0bQOfivPYiwcw4theYVk0YugXqe1gn7Eg8zTqbT2p-j8X4hmV6w&usqp=CAU', 'joanac', 'F', 'senha1111a', 'SP', 'Jardim Botânico', '04324000', 'São Paulo', 'Rua 51'),
('Ricardo Oliveira', 'ricardo.oliveira@email.com', '43289056712', '1976-07-18', 'https://imagenes.elpais.com/resizer/v2/6RATKSWWQ66Z5EDBHP3T3W7L4U.jpg?auth=2b6e69b88e3e25cf50c6fa45bd0490ac0a8543698a41333b07ef5a390568e099&width=1960&height=1103&smart=true', 'ricardoo', 'M', 'senha2222b', 'RJ', 'Recreio dos Bandeirantes', '22793000', 'Rio de Janeiro', 'Rua 52'),
('Tatiane Costa', 'tatiane.costa@email.com', '54390167823', '1992-05-22', 'https://imagenes.elpais.com/resizer/v2/6RATKSWWQ66Z5EDBHP3T3W7L4U.jpg?auth=2b6e69b88e3e25cf50c6fa45bd0490ac0a8543698a41333b07ef5a390568e099&width=1960&height=1103&smart=true', 'tatianec', 'F', 'senha3333c', 'MG', 'Savassi', '30155000', 'Belo Horizonte', 'Avenida 53'),
('Felipe Santos', 'felipe.santos@email.com', '65401278934', '1973-01-31', 'https://imagenes.elpais.com/resizer/v2/6RATKSWWQ66Z5EDBHP3T3W7L4U.jpg?auth=2b6e69b88e3e25cf50c6fa45bd0490ac0a8543698a41333b07ef5a390568e099&width=1960&height=1103&smart=true', 'felipes', 'M', 'senha4444d', 'RS', 'Azenha', '90040000', 'Porto Alegre', 'Rua 54'),
('Renata Alves', 'renata.alves@email.com', '76512389045', '1986-10-04', 'https://www.lojasrennersa.com.br/wp-content/uploads/2022/09/pessoas-sustentabilidade-rennersa.png', 'renataa', 'F', 'senha5555e', 'BA', 'Liberdade', '40450000', 'Salvador', 'Avenida 55'),
('Bruno Ferreira', 'bruno.ferreira@email.com', '87623490156', '1990-11-15', 'https://encrypted-tbn0.gstatic.com/images?q=tbn:ANd9GcRVHJFlQVUXU9Q_T9s4aPbNMstY4Yn8TxpFSg&s', 'brunof', 'M', 'senha6666f', 'CE', 'Cocó', '60170000', 'Fortaleza', 'Rua 56'),
('Larissa Lima', 'larissa.lima@email.com', '98734501267', '2003-03-29', 'https://encrypted-tbn0.gstatic.com/images?q=tbn:ANd9GcRVHJFlQVUXU9Q_T9s4aPbNMstY4Yn8TxpFSg&s', 'larissal', 'F', 'senha7777g', 'PE', 'Boa Viagem', '51030000', 'Recife', 'Avenida 57'),
('Leonardo Martins', 'leonardo.martins@email.com', '19845612378', '1985-05-05', 'https://encrypted-tbn0.gstatic.com/images?q=tbn:ANd9GcRVHJFlQVUXU9Q_T9s4aPbNMstY4Yn8TxpFSg&s', 'leonardom', 'M', 'senha8888h', 'DF', 'Guará', '71010000', 'Brasília', 'Rua 58'),
('Amanda Rodrigues', 'amanda.rodrigues@email.com', '10956723489', '1975-09-07', 'https://www.telavita.com.br/blog/wp-content/uploads/2019/09/pessoa-com-deficiencia-no-trabalho.jpg', 'amandar', 'F', 'senha9999i', 'PR', 'Água Verde', '80250000', 'Curitiba', 'Rua 59'),
('Eduardo Costa', 'eduardo.costa@email.com', '21067834590', '1994-07-13', 'https://www.telavita.com.br/blog/wp-content/uploads/2019/09/pessoa-com-deficiencia-no-trabalho.jpg', 'eduardoc', 'M', 'senha0000j', 'SC', 'Estreito', '88070000', 'Florianópolis', 'Rua 60'),
('Ana Clara', 'ana.clara@email.com', '32165498789', '1971-03-03', 'https://www.telavita.com.br/blog/wp-content/uploads/2019/09/pessoa-com-deficiencia-no-trabalho.jpg', 'anaclara', 'F', 'senha1111k', 'SP', 'Aclimação', '04129000', 'São Paulo', 'Rua 61'),
('Gustavo Lima', 'gustavo.lima@email.com', '43276509890', '2006-01-12', 'https://www.telavita.com.br/blog/wp-content/uploads/2019/09/pessoa-com-deficiencia-no-trabalho.jpg', 'gustavol', 'M', 'senha2222l', 'RJ', 'Barra da Tijuca', '22631000', 'Rio de Janeiro', 'Avenida 62'),
('Carla Martins', 'carla.martins@email.com', '54387620901', '1980-06-17', 'https://www.telavita.com.br/blog/wp-content/uploads/2019/09/pessoa-com-deficiencia-no-trabalho.jpg', 'carlam', 'F', 'senha3333m', 'MG', 'Buritis', '30710500', 'Belo Horizonte', 'Rua 63'),
('Pedro Gomes', 'pedro.gomes@email.com', '65498731012', '1989-08-09', 'https://hospitalsantamonica.com.br/wp-content/uploads/2018/05/saude-mental-e-a-importancia-dela-na-vida-das-pessoas.jpg', 'pedrog', 'M', 'senha4444n', 'RS', 'São Geraldo', '90520000', 'Porto Alegre', 'Avenida 64'),
('Juliana Silva', 'juliana.silva@email.com', '76509842123', '1977-04-16', 'https://hospitalsantamonica.com.br/wp-content/uploads/2018/05/saude-mental-e-a-importancia-dela-na-vida-das-pessoas.jpg', 'julianas', 'F', 'senha5555o', 'BA', 'Brotas', '40255000', 'Salvador', 'Rua 65'),
('Mateus Ribeiro', 'mateus.ribeiro@email.com', '87620953234', '1993-02-25', 'https://hospitalsantamonica.com.br/wp-content/uploads/2018/05/saude-mental-e-a-importancia-dela-na-vida-das-pessoas.jpg', 'mateusr', 'M', 'senha6666p', 'CE', 'Aldeota', '60150000', 'Fortaleza', 'Avenida 66'),
('Roberta Castro', 'roberta.castro@email.com', '98731064345', '2000-09-01', 'https://hospitalsantamonica.com.br/wp-content/uploads/2018/05/saude-mental-e-a-importancia-dela-na-vida-das-pessoas.jpg', 'robertac', 'F', 'senha7777q', 'PE', 'Pina', '52050000', 'Recife', 'Rua 67'),
('Diego Almeida', 'diego.almeida@email.com', '19842175656', '1999-12-07', 'https://hospitalsantamonica.com.br/wp-content/uploads/2018/05/saude-mental-e-a-importancia-dela-na-vida-das-pessoas.jpg', 'diegoa', 'M', 'senha8888r', 'DF', 'Sudoeste', '70675000', 'Brasília', 'Rua 68'),
('Fernanda Oliveira', 'fernanda.oliveira@email.com', '10953286767', '1981-08-31', 'https://encrypted-tbn0.gstatic.com/images?q=tbn:ANd9GcTVhOysjbBCztjzAPSE2A8jk2-f-V0HLTD2rg&s', 'fernandao', 'F', 'senha9999s', 'PR', 'Juvevê', '80050000', 'Curitiba', 'Avenida 69'),
('Eduardo Pacheco', 'eduardo.pacheco@email.com', '21064397878', '1987-05-21', 'https://encrypted-tbn0.gstatic.com/images?q=tbn:ANd9GcTVhOysjbBCztjzAPSE2A8jk2-f-V0HLTD2rg&s', 'eduardop', 'M', 'senha0000t', 'SC', 'Santo Antônio', '88080000', 'Florianópolis', 'Rua 70'),
('Fernanda Costa', 'fernanda.costa@email.com', '32198765432', '2005-03-26', 'https://encrypted-tbn0.gstatic.com/images?q=tbn:ANd9GcTVhOysjbBCztjzAPSE2A8jk2-f-V0HLTD2rg&s', 'fernandac', 'F', 'senha1111x', 'SP', 'Tatuapé', '03334000', 'São Paulo', 'Rua 71'),
('Thiago Oliveira', 'thiago.oliveira@email.com', '43210987654', '1988-11-03', 'https://encrypted-tbn0.gstatic.com/images?q=tbn:ANd9GcTVhOysjbBCztjzAPSE2A8jk2-f-V0HLTD2rg&s', 'thiagoo', 'M', 'senha2222y', 'RJ', 'Jardim Botânico', '22261000', 'Rio de Janeiro', 'Avenida 72'),
('Tatiane Silva', 'tatiane.silva@email.com', '54321098765', '1996-08-23', 'https://encrypted-tbn0.gstatic.com/images?q=tbn:ANd9GcTVhOysjbBCztjzAPSE2A8jk2-f-V0HLTD2rg&s', 'tatianes', 'F', 'senha3333z', 'MG', 'São Bento', '31270300', 'Belo Horizonte', 'Rua 73'),
('Ricardo Santos', 'ricardo.santos@email.com', '65432109876', '1972-05-05', 'https://encrypted-tbn0.gstatic.com/images?q=tbn:ANd9GcTVhOysjbBCztjzAPSE2A8jk2-f-V0HLTD2rg&s', 'ricardos', 'M', 'senha4444a', 'RS', 'Moinhos de Vento', '90510000', 'Porto Alegre', 'Rua 74'),
('Letícia Almeida', 'leticia.almeida@email.com', '76543210987', '2001-02-19', 'https://gife.org.br/wp/media/2022/09/felipe-gregate-Ph2KD5qr7VQ-unsplash-scaled.jpg', 'leticial', 'F', 'senha5555b', 'BA', 'Comércio', '40301100', 'Salvador', 'Avenida 75'),
('Júlio Freitas', 'julio.freitas@email.com', '87654321098', '1978-01-28', 'https://gife.org.br/wp/media/2022/09/felipe-gregate-Ph2KD5qr7VQ-unsplash-scaled.jpg', 'julioc', 'M', 'senha6666c', 'CE', 'Montese', '60440000', 'Fortaleza', 'Rua 76'),
('Camila Souza', 'camila.souza@email.com', '98765432109', '1995-06-05', 'https://gife.org.br/wp/media/2022/09/felipe-gregate-Ph2KD5qr7VQ-unsplash-scaled.jpg', 'camilas', 'F', 'senha7777d', 'PE', 'Santo Amaro', '52060000', 'Recife', 'Avenida 77'),
('Gabriel Rocha', 'gabriel.rocha@email.com', '19876543210', '1986-09-30', 'https://gife.org.br/wp/media/2022/09/felipe-gregate-Ph2KD5qr7VQ-unsplash-scaled.jpg', 'gabrielr', 'M', 'senha8888e', 'DF', 'Noroeste', '70770000', 'Brasília', 'Rua 78'),
('Isabela Castro', 'isabela.castro@email.com', '10987654321', '1991-12-12', 'https://gife.org.br/wp/media/2022/09/felipe-gregate-Ph2KD5qr7VQ-unsplash-scaled.jpg', 'isabelac', 'F', 'senha9999f', 'PR', 'Santa Felicidade', '82520000', 'Curitiba', 'Rua 79'),
('André Martins', 'andre.martins@email.com', '21098765432', '2007-05-18', 'https://gife.org.br/wp/media/2022/09/felipe-gregate-Ph2KD5qr7VQ-unsplash-scaled.jpg', 'andrem', 'M', 'senha0000g', 'SC', 'Trindade', '88040000', 'Florianópolis', 'Rua 80'),
('Lucas Mendes', 'lucas.mendes@email.com', '32145698723', '1970-10-06', 'https://gife.org.br/wp/media/2022/09/felipe-gregate-Ph2KD5qr7VQ-unsplash-scaled.jpg', 'lucasm', 'M', 'senha1234a', 'SP', 'Vila Progredior', '02950000', 'São Paulo', 'Rua 81'),
('Beatriz Rocha', 'beatriz.rocha@email.com', '43256789034', '1983-03-15', 'https://encrypted-tbn0.gstatic.com/images?q=tbn:ANd9GcROIhBD7zAl3NuOWsuhhsPn_jQLc4L7GL7Rx9qIigsv-IPrT5mf1shJXwUjg4rv3R3ZBzI&usqp=CAU', 'beatrizr', 'F', 'senha2345b', 'RJ', 'Lagoa', '22470000', 'Rio de Janeiro', 'Avenida 82'),
('Amanda Ferreira', 'amanda.ferreira@email.com', '54367890145', '2002-04-06', 'https://encrypted-tbn0.gstatic.com/images?q=tbn:ANd9GcROIhBD7zAl3NuOWsuhhsPn_jQLc4L7GL7Rx9qIigsv-IPrT5mf1shJXwUjg4rv3R3ZBzI&usqp=CAU', 'amandaf', 'F', 'senha3456c', 'MG', 'Santo Antônio', '30421500', 'Belo Horizonte', 'Rua 83'),
('André Costa', 'andre.costa@email.com', '65478901256', '1984-09-16', 'https://encrypted-tbn0.gstatic.com/images?q=tbn:ANd9GcROIhBD7zAl3NuOWsuhhsPn_jQLc4L7GL7Rx9qIigsv-IPrT5mf1shJXwUjg4rv3R3ZBzI&usqp=CAU', 'andrec', 'M', 'senha4567d', 'RS', 'Partenon', '90610000', 'Porto Alegre', 'Avenida 84'),
('Claudia Lima', 'claudia.lima@email.com', '76589012367', '1998-01-03', 'https://encrypted-tbn0.gstatic.com/images?q=tbn:ANd9GcROIhBD7zAl3NuOWsuhhsPn_jQLc4L7GL7Rx9qIigsv-IPrT5mf1shJXwUjg4rv3R3ZBzI&usqp=CAU', 'claudial', 'F', 'senha5678e', 'BA', 'Boa Vista', '41700000', 'Salvador', 'Rua 85'),
('Jorge Alves', 'jorge.alves@email.com', '87690123478', '1979-08-05', 'https://encrypted-tbn0.gstatic.com/images?q=tbn:ANd9GcROIhBD7zAl3NuOWsuhhsPn_jQLc4L7GL7Rx9qIigsv-IPrT5mf1shJXwUjg4rv3R3ZBzI&usqp=CAU', 'jorgea', 'M', 'senha6789f', 'CE', 'Jacarecanga', '60160000', 'Fortaleza', 'Avenida 86'),
('Laura Martins', 'laura.martins@email.com', '98701234589', '1992-07-28', 'https://encrypted-tbn0.gstatic.com/images?q=tbn:ANd9GcROIhBD7zAl3NuOWsuhhsPn_jQLc4L7GL7Rx9qIigsv-IPrT5mf1shJXwUjg4rv3R3ZBzI&usqp=CAU', 'lauram', 'F', 'senha7890g', 'PE', 'Campo Grande', '52070000', 'Recife', 'Rua 87'),
('Vinícius Fernandes', 'vinicius.fernandes@email.com', '19812345690', '1985-12-22', 'https://encrypted-tbn0.gstatic.com/images?q=tbn:ANd9GcROIhBD7zAl3NuOWsuhhsPn_jQLc4L7GL7Rx9qIigsv-IPrT5mf1shJXwUjg4rv3R3ZBzI&usqp=CAU', 'viniciusf', 'M', 'senha8901h', 'DF', 'Plano Piloto', '70000000', 'Brasília', 'Rua 88'),
('Patrícia Almeida', 'patricia.almeida@email.com', '10923456701', '2004-10-09', 'https://encrypted-tbn0.gstatic.com/images?q=tbn:ANd9GcR9BBt5rsxrmsbFyQQ4aKMAzPJv1BbL8CpL9QE9_eNR5sZxFpxv8fIzwz364YOHd0OuTTg&usqp=CAU', 'patriciaa', 'F', 'senha9012i', 'PR', 'Jardim Botânico', '80220000', 'Curitiba', 'Avenida 89'),
('Maurício Silva', 'mauricio.silva@email.com', '21034567812', '1997-11-06', 'https://encrypted-tbn0.gstatic.com/images?q=tbn:ANd9GcR9BBt5rsxrmsbFyQQ4aKMAzPJv1BbL8CpL9QE9_eNR5sZxFpxv8fIzwz364YOHd0OuTTg&usqp=CAU', 'mauricios', 'M', 'senha0123j', 'SC', 'Córrego Grande', '88050000', 'Florianópolis', 'Rua 90');


-- Inserção na tabela pesquisa_perfil
INSERT INTO Pesquisa_perfil(respostas, ID_perguntas, data, hora, ID_usuario) VALUES 
('Show', 1, '2024-09-01', '14:30:00',1),
('Festival', 1, '2024-09-02', '09:15:00',2),
('Exposições', 1, '2024-09-03', '11:00:00',3),
('Apresentações', 1, '2024-09-04', '16:45:00',4),
('Feiras', 1, '2024-09-05', '08:30:00',5),
('Show', 1, '2024-09-06', '13:20:00',6),
('Festival', 1, '2024-09-07', '10:00:00',7),
('Exposições', 1, '2024-09-08', '15:10:00',8),
('Apresentações', 1, '2024-09-09', '12:00:00',9),
('Feiras', 1, '2024-09-10', '17:25:00',10),
('Show', 1, '2024-09-11', '18:00:00',11),
('Festival', 1, '2024-09-12', '09:45:00',12),
('Exposições', 1, '2024-09-13', '14:00:00',13),
('Apresentações', 1, '2024-09-14', '11:30:00',14),
('Feiras', 1, '2024-09-15', '16:20:00',15),
('Show', 1, '2024-09-16', '20:15:00',16),
('Festival', 1, '2024-09-17', '13:10:00',17), 
('Exposições', 1, '2024-09-18', '10:45:00',18), 
('Apresentações', 1, '2024-09-19', '08:00:00',19), 
('Feiras', 1, '2024-09-20', '22:30:00',20), 
('Show', 1, '2024-09-21', '19:00:00',21), 
('Festival', 1, '2024-09-22', '10:30:00',22), 
('Exposições', 1, '2024-09-23', '14:15:00',23), 
('Apresentações', 1, '2024-09-24', '20:00:00',24), 
('Feiras', 1, '2024-09-25', '16:30:00',25),
('Show', 1, '2024-09-26', '11:45:00',26), 
('Festival', 1, '2024-09-27', '09:00:00',27), 
('Exposições', 1, '2024-09-28', '13:30:00',28), 
('Apresentações', 1, '2024-09-29', '21:00:00',29), 
('Feiras', 1, '2024-09-30', '15:00:00',30), 
('Show', 1, '2024-10-01', '22:00:00',31), 
('Festival', 1, '2024-10-02', '12:00:00',32), 
('Exposições', 1, '2024-10-03', '17:30:00',33), 
('Apresentações', 1, '2024-10-04', '18:15:00',34), 
('Feiras', 1, '2024-10-05', '19:45:00',35), 
('Show', 1, '2024-10-06', '16:00:00',36), 
('Festival', 1, '2024-10-07', '10:15:00',37), 
('Exposições', 1, '2024-10-08', '21:00:00',38), 
('Apresentações', 1, '2024-10-09', '14:30:00',39), 
('Feiras', 1, '2024-10-10', '11:00:00',40), 
('Show', 1, '2024-10-11', '15:30:00',41), 
('Festival', 1, '2024-10-12', '08:00:00',42), 
('Exposições', 1, '2024-10-13', '19:00:00',43), 
('Apresentações', 1, '2024-10-14', '12:45:00',44), 
('Feiras', 1, '2024-10-15', '16:00:00',45), 
('Show', 1, '2024-10-16', '10:30:00',46), 
('Festival', 1, '2024-10-17', '14:00:00',47), 
('Exposições', 1, '2024-10-18', '18:45:00',48), 
('Apresentações', 1, '2024-10-19', '13:30:00',49), 
('Feiras', 1, '2024-10-20', '09:00:00',50), 
('Show', 1, '2024-10-21', '11:00:00',51), 
('Festival', 1, '2024-10-22', '14:00:00',52), 
('Exposições', 1, '2024-10-23', '19:30:00',53), 
('Apresentações', 1, '2024-10-24', '21:15:00',54), 
('Feiras', 1, '2024-10-25', '16:45:00',55), 
('Show', 1, '2024-10-26', '20:00:00',56), 
('Festival', 1, '2024-10-27', '08:30:00',57), 
('Exposições', 1, '2024-10-28', '13:00:00',58), 
('Apresentações', 1, '2024-10-29', '17:00:00',59), 
('Feiras', 1, '2024-10-30', '07:45:00',60), 
('Show', 1, '2024-11-01', '19:30:00',61), 
('Festival', 1, '2024-11-02', '12:00:00',62), 
('Exposições', 1, '2024-11-03', '10:00:00',63), 
('Apresentações', 1, '2024-11-04', '18:30:00',64), 
('Feiras', 1, '2024-11-05', '15:00:00',65), 
('Show', 1, '2024-11-06', '11:45:00',66), 
('Festival', 1, '2024-11-07', '22:00:00',67), 
('Exposições', 1, '2024-11-08', '20:00:00',68), 
('Apresentações', 1, '2024-11-09', '13:15:00',69), 
('Feiras', 1, '2024-11-10', '09:30:00',70), 
('Show', 1, '2024-11-11', '10:00:00',71), 
('Festival', 1, '2024-11-12', '14:30:00',72), 
('Exposições', 1, '2024-11-13', '11:15:00',73), 
('Apresentações', 1, '2024-11-14', '19:00:00',74), 
('Feiras', 1, '2024-11-15', '16:00:00',75), 
('Show', 1, '2024-11-16', '09:00:00',76), 
('Festival', 1, '2024-11-17', '08:00:00',77), 
('Exposições', 1, '2024-11-18', '12:00:00',78), 
('Apresentações', 1, '2024-11-19', '13:30:00',79), 
('Feiras', 1, '2024-11-20', '20:30:00',80), 
('Show', 1, '2024-11-21', '22:00:00',81), 
('Festival', 1, '2024-11-22', '19:30:00',82),
('Exposições', 1, '2024-11-23', '15:00:00',83), 
('Apresentações', 1, '2024-11-24', '14:00:00',84), 
('Feiras', 1, '2024-11-25', '08:30:00',85), 
('Show', 1, '2024-11-26', '11:00:00',86), 
('Festival', 1, '2024-11-27', '18:45:00',87), 
('Exposições', 1, '2024-11-28', '09:15:00',88), 
('Apresentações', 1, '2024-11-29', '20:00:00',89), 
('Feiras', 1, '2024-11-30', '12:30:00',90),
('Show', 1, '2024-12-01', '21:00:00',91), 
('Festival', 1, '2024-12-02', '10:00:00',92), 
('Exposições', 1, '2024-12-03', '12:00:00',93), 
('Apresentações', 1, '2024-12-04', '18:00:00',94), 
('Feiras', 1, '2024-12-05', '19:15:00',95), 
('Show', 1, '2024-12-06', '16:30:00',96), 
('festival', 1, '2024-12-07', '20:00:00',97), 
('Exposições', 1, '2024-12-08', '14:00:00',98), 
('Apresentações', 1, '2024-12-09', '17:45:00',99),
('Feiras', 1, '2024-12-10', '15:00:00',100);


-- Inserção na tabela telefone
INSERT INTO telefone(telefone, ID_usuario) VALUES 
('+55 (11) 91234-5678',1),
('+55 (21) 92345-6789',2),
('+55 (31) 93456-7890',3), 
('+55 (41) 94567-8901',4), 
('+55 (51) 95678-9012',5), 
('+55 (61) 96789-0123',6), 
('+55 (71) 97890-1234',7), 
('+55 (81) 98901-2345',8), 
('+55 (91) 99012-3456',9), 
('+55 (11) 90123-4567',10), 
('+55 (12) 91234-5678',11), 
('+55 (22) 92345-6789',12), 
('+55 (32) 93456-7890',13), 
('+55 (42) 94567-8901',14), 
('+55 (52) 95678-9012',15), 
('+55 (62) 96789-0123',16), 
('+55 (72) 97890-1234',17), 
('+55 (82) 98901-2345',18), 
('+55 (92) 99012-3456',19), 
('+55 (13) 90123-4567',20), 
('+55 (14) 91234-5678',21), 
('+55 (24) 92345-6789',22), 
('+55 (34) 93456-7890',23), 
('+55 (44) 94567-8901',24), 
('+55 (54) 95678-9012',25), 
('+55 (64) 96789-0123',26), 
('+55 (74) 97890-1234',27), 
('+55 (84) 98901-2345',28), 
('+55 (94) 99012-3456',29), 
('+55 (15) 90123-4567',30), 
('+55 (16) 91234-5678',31), 
('+55 (26) 92345-6789',32), 
('+55 (36) 93456-7890',33), 
('+55 (46) 94567-8901',34), 
('+55 (56) 95678-9012',35), 
('+55 (66) 96789-0123',36), 
('+55 (76) 97890-1234',37), 
('+55 (86) 98901-2345',38), 
('+55 (96) 99012-3456',39), 
('+55 (17) 90123-4567',40), 
('+55 (18) 91234-5678',41), 
('+55 (28) 92345-6789',42), 
('+55 (38) 93456-7890',43), 
('+55 (48) 94567-8901',44), 
('+55 (58) 95678-9012',45), 
('+55 (68) 96789-0123',46), 
('+55 (78) 97890-1234',47), 
('+55 (88) 98901-2345',48), 
('+55 (98) 99012-3456',49), 
('+55 (19) 90123-4567',50), 
('+55 (20) 91234-5678',51), 
('+55 (30) 92345-6789',52), 
('+55 (40) 93456-7890',53), 
('+55 (50) 94567-8901',54), 
('+55 (60) 95678-9012',55), 
('+55 (70) 96789-0123',56), 
('+55 (80) 97890-1234',57), 
('+55 (90) 98901-2345',58), 
('+55 (21) 99012-3456',59), 
('+55 (22) 90123-4567',60), 
('+55 (23) 91234-5678',61), 
('+55 (33) 92345-6789',62), 
('+55 (43) 93456-7890',63), 
('+55 (53) 94567-8901',64), 
('+55 (63) 95678-9012',65), 
('+55 (73) 96789-0123',66), 
('+55 (83) 97890-1234',67), 
('+55 (93) 98901-2345',68), 
('+55 (24) 99012-3456',69), 
('+55 (25) 90123-4567',70), 
('+55 (26) 91234-5678',71), 
('+55 (36) 92345-6789',72), 
('+55 (46) 93456-7890',73), 
('+55 (56) 94567-8901',74), 
('+55 (66) 95678-9012',75), 
('+55 (76) 96789-0123',76), 
('+55 (86) 97890-1234',77), 
('+55 (96) 98901-2345',78), 
('+55 (27) 99012-3456',79), 
('+55 (28) 90123-4567',80), 
('+55 (29) 91234-5678',81), 
('+55 (39) 92345-6789',82), 
('+55 (49) 93456-7890',83), 
('+55 (59) 94567-8901',84), 
('+55 (69) 95678-9012',85), 
('+55 (79) 96789-0123',86), 
('+55 (89) 97890-1234',87), 
('+55 (99) 98901-2345',88), 
('+55 (30) 99012-3456',89), 
('+55 (31) 90123-4567',90), 
('+55 (32) 91234-5678',91), 
('+55 (42) 92345-6789',92), 
('+55 (52) 93456-7890',93), 
('+55 (62) 94567-8901',94),
('+55 (72) 95678-9012',95), 
('+55 (82) 96789-0123',96), 
('+55 (92) 97890-1234',97), 
('+55 (03) 98901-2345',98),
('+55 (13) 99012-3456',99),
('+55 (23) 90123-4567',100);


--  Inserção na tabela plano
INSERT INTO plano(nome, descricao, livre_propaganda, preco, duracao) VALUES 
('Plano grátis', 'plano gratuito', FALSE, 0.00, 'tempo indeterminado'),
('Plano Team+', 'Plano mensal direcionado para o usuário', TRUE, 16.99, '1 mês');


-- Inserção na tabela usuario_plano
INSERT INTO usuario_plano(data_pagamento, ID_usuario, ID_plano) VALUES 
('2024-09-01', 1, 2), 
('2024-09-01', 2, 1),
('2024-09-02', 3, 2),
('2024-09-03', 4, 1),
('2024-09-04', 5, 1),
('2024-09-05', 6, 2),
('2024-09-06', 7, 1),
('2024-09-07', 8, 2),
('2024-09-08', 9, 1),
('2024-09-09', 10, 1),
('2024-09-10', 11, 2),
('2024-12-31', 12, 1),
('2024-09-11', 13, 1),
('2024-09-12', 14, 2),
('2024-09-13', 15, 1),
('2024-09-14', 16, 2),
('2024-09-15', 17, 2),
('2024-09-16', 18, 1),
('2024-09-17', 19, 2),
('2024-09-18', 20, 1),
('2024-09-19', 21, 1),
('2024-09-20', 22, 2),
('2024-09-21', 23, 1),
('2024-09-22', 24, 2),
('2024-09-23', 25, 1),
('2024-09-24', 26, 1),
('2024-09-25', 27, 2),
('2024-09-26', 28, 1),
('2024-09-27', 29, 2),
('2024-09-28', 30, 1),
('2024-09-29', 31, 1),
('2024-09-30', 32, 2),
('2024-10-01', 33, 1),
('2024-10-02', 34, 2),
('2024-10-03', 35, 1),
('2024-10-04', 36, 1),
('2024-10-05', 37, 2),
('2024-10-06', 38, 1),
('2024-10-07', 39, 2),
('2024-10-08', 40, 1),
('2024-10-09', 41, 1),
('2024-10-10', 42, 2),
('2024-10-11', 43, 1),
('2024-10-12', 44, 2),
('2024-10-13', 45, 1),
('2024-10-14', 46, 1),
('2024-10-15', 47, 2),
('2024-10-16', 48, 1),
('2024-10-17', 49, 2),
('2024-10-18', 50, 1),
('2024-10-19', 51, 1),
('2024-10-20', 52, 2),
('2024-10-21', 53, 1),
('2024-10-22', 54, 2),
('2024-10-23', 55, 1),
('2024-10-24', 56, 1),
('2024-10-25', 57, 2),
('2024-10-26', 58, 1),
('2024-10-27', 59, 2),
('2024-10-28', 60, 1),
('2024-10-29', 61, 1),
('2024-10-30', 62, 2),
('2024-10-31', 63, 1),
('2024-11-01', 64, 2),
('2024-11-02', 65, 1),
('2024-11-03', 66, 1),
('2024-11-04', 67, 2),
('2024-11-05', 68, 1),
('2024-11-06', 69, 2),
('2024-11-07', 70, 1),
('2024-11-08', 71, 1),
('2024-11-09', 72, 2),
('2024-11-10', 73, 1),
('2024-11-11', 74, 2),
('2024-11-12', 75, 1),
('2024-11-13', 76, 1),
('2024-11-14', 77, 2),
('2024-11-15', 78, 1),
('2024-11-16', 79, 2),
('2024-11-17', 80, 1),
('2024-11-18', 81, 1),
('2024-11-19', 82, 2),
('2024-11-20', 83, 1),
('2024-11-21', 84, 2),
('2024-11-22', 85, 1),
('2024-11-23', 86, 1),
('2024-11-24', 87, 2),
('2024-11-25', 88, 1),
('2024-11-26', 89, 2),
('2024-11-27', 90, 1),
('2024-11-28', 91, 1),
('2024-11-29', 92, 2),
('2024-11-30', 93, 1),
('2024-12-01', 94, 2),
('2024-12-14', 95, 2),
('2024-04-27', 96, 1),
('2024-05-28', 97, 1),
('2024-06-29', 98, 2),
('2024-07-30', 99, 1),
('2024-01-01', 100, 2);


-- Inserção na tabela atracao
INSERT INTO atracao(descricao, nome, endereco, acessibilidade, categoria) VALUES
('Parque com lago e áreas para piquenique', 'Parque Central', 'Av. Central, 123', TRUE, 'Exposições'),
('Museu de arte contemporânea com exposições permanentes', 'Museu Arte Nova', 'Rua das Artes, 45', TRUE, 'Exposições'),
('Centro histórico com passeios guiados', 'Centro Histórico', 'Rua Velha, 10', FALSE, 'Exposições'),
('Jardim botânico com trilhas e áreas para eventos', 'Jardim das Flores', 'Rua dos Jardins, 75', TRUE, 'Exposições'),
('Aquário com diversas espécies marinhas', 'Aquário Oceânico', 'Av. Marítima, 200', TRUE, 'Exposições'),
('Grande parque com áreas verdes e trilhas', 'Parque Ecológico', 'Rua Verde, 50', TRUE, 'Exposições'),
('Biblioteca com acervo de livros e salas de leitura', 'Biblioteca Municipal', 'Av. da Cultura, 120', TRUE, 'Exposições'),
('Centro de arte com exposições temporárias', 'Centro de Arte Contemporânea', 'Rua dos Pintores, 85', TRUE, 'Exposições'),
('Reserva natural com trilhas e observação de aves', 'Reserva do Vale', 'Estrada do Vale, 30', TRUE, 'Exposições'),
('Galeria de arte com exposições de artistas locais', 'Galeria do Centro', 'Rua das Galerias, 22', TRUE, 'Exposições'),
('Aquário com exibição de vida marinha e shows', 'Aquário Marítimo', 'Av. dos Peixes, 75', TRUE, 'Show'),
('Museu histórico com exibições sobre a história local', 'Museu da Cidade', 'Praça da História, 8', FALSE, 'Exposições'),
('Museu dedicado à ciência e tecnologia', 'Museu da Inovação', 'Av. das Descobertas, 60', TRUE, 'Exposições'),
('Área de conservação com trilhas ecológicas', 'Reserva Ecológica', 'Estrada Verde, 90', TRUE, 'Exposições'),
('Centro histórico com museus e atrações turísticas', 'Cidade Antiga', 'Praça dos Antigos, 5', FALSE, 'Exposições'),
('Centro de exposições de carros antigos', 'Museu dos Automóveis', 'Rua dos Carros, 12', TRUE, 'Exposições'),
('Jardim com lagos e áreas para relaxamento', 'Jardim Sereno', 'Rua das Flores, 55', TRUE, 'Exposições'),
('Parque com trilhas para caminhada e áreas de lazer', 'Parque das Águas', 'Rua das Águas, 10', TRUE, 'Exposições'),
('Museu com exposições sobre civilizações antigas', 'Museu Arqueológico', 'Av. dos Arqueólogos, 85', TRUE, 'Exposições'),
('Jardim zoológico com uma grande variedade de animais', 'Zoológico da Cidade', 'Estrada dos Animais, 250', TRUE, 'Exposições'),
('Galeria de arte com exposições temporárias e permanentes', 'Galeria da Cidade', 'Rua das Galerias, 12', TRUE, 'Exposições'),
('Biblioteca com acervo de livros raros e espaços de estudo', 'Biblioteca dos Livros', 'Av. dos Livros, 70', TRUE, 'Exposições'),
('Espaço verde com áreas para caminhadas e eventos', 'Parque da Primavera', 'Rua das Flores, 85', TRUE, 'Exposições'),
('Museu interativo com atividades educativas', 'Museu da Criança', 'Av. dos Educadores, 120', TRUE, 'Exposições'),
('Galeria de arte com exposições de arte moderna', 'Galeria Modernista', 'Rua das Artes, 50', TRUE, 'Exposições'),
('Aquário com tanques e exposições de vida marinha', 'Aquário Tropical', 'Rua dos Corais, 65', TRUE, 'Exposições'),
('Museu de história local com exibições sobre a cidade', 'Museu Local', 'Praça da História, 15', FALSE, 'Exposições'),
('Museu com exposições de arte clássica e moderna', 'Museu da Arte', 'Av. das Belas Artes, 90', TRUE, 'Exposições'),
('Biblioteca com uma vasta coleção de livros e áreas de estudo', 'Biblioteca do Saber', 'Av. dos Livros, 220', TRUE, 'Exposições'),
('Galeria com exposições de esculturas e arte interativa', 'Galeria Escultural', 'Rua das Esculturas, 70', TRUE, 'Exposições'),
('Estádio de futebol com capacidade para 50 mil pessoas', 'Estádio Olímpico', 'Av. dos Esportes, 300', TRUE, 'Apresentações'),
('Centro de convenções com salas para eventos', 'Centro de Eventos', 'Rua dos Eventos, 50', TRUE, 'Feiras'),
('Praia com quiosques e atividades esportivas', 'Praia dos Ventos', 'Av. Atlântica, 150', TRUE, 'Festival'),
('Shopping com diversas lojas e praças de alimentação', 'Shopping Plaza', 'Av. das Compras, 200', TRUE, 'Feiras'),
('Estádio com jogos de futebol e eventos esportivos', 'Estádio Nacional', 'Rua dos Estádios, 100', TRUE, 'Apresentações'),
('Área de lazer com playground e pistas de skate', 'Parque Radial', 'Rua dos Skates, 33', TRUE, 'Exposições'),
('Cinema com várias salas e programação variada', 'Cineplex', 'Rua do Cinema, 78', TRUE, 'Show'),
('Estádio com jogos de basquete e eventos', 'Arena Esportiva', 'Av. dos Jogos, 180', TRUE, 'Apresentações'),
('Complexo esportivo com quadras e piscina', 'Complexo Olímpico', 'Av. dos Atletas, 300', TRUE, 'Apresentações'),
('Espaço cultural com shows ao vivo e eventos', 'Espaço Cultural', 'Rua dos Shows, 40', TRUE, 'Show'),
('Teatro com shows e peças de teatro', 'Teatro Municipal', 'Praça da Cultura, 67', TRUE, 'Show'),
('Zona de skate e áreas de lazer', 'Skate Park', 'Rua do Skate, 15', TRUE, 'Exposições'),
('Praia com acesso a cadeirantes e restaurantes', 'Praia do Sol', 'Avenida Beira-Mar, 99', TRUE, 'Festival'),
('Teatro com peças e apresentações culturais', 'Teatro das Artes', 'Praça dos Artistas, 30', TRUE, 'Show'),
('Praia com opções de esportes aquáticos e restaurantes', 'Praia Azul', 'Av. do Mar, 160', TRUE, 'Festival'),
('Centro de entretenimento com cinemas e boliche', 'Centro de Diversão', 'Rua das Diversões, 99', TRUE, 'Show'),
('Centro de eventos com salas para conferências e feiras', 'Centro de Convenções', 'Rua dos Eventos, 25', TRUE, 'Feiras'),
('Área de lazer com parque aquático e áreas para piquenique', 'Parque Aquático', 'Av. do Sol, 45', TRUE, 'Festival'),
('Praia com acessos para pessoas com mobilidade reduzida', 'Praia do Leste', 'Avenida do Leste, 200', TRUE, 'Festival'),
('Shopping com ampla variedade de lojas e praça de alimentação', 'Shopping Mundial', 'Rua das Compras, 10', TRUE, 'Feiras'),
('Reserva ecológica com trilhas e mirantes', 'Reserva Verde', 'Estrada do Eco, 45', TRUE, 'Exposições'),
('Centro cultural com salas para apresentações e eventos', 'Centro Cultural São João', 'Rua do Teatro, 80', TRUE, 'Show'),
('Estádio com capacidade para eventos esportivos e shows', 'Estádio do Povo', 'Av. do Estádio, 300', TRUE, 'Apresentações'),
('Praça com playground e área para eventos comunitários', 'Praça da Amizade', 'Rua das Crianças, 44', TRUE, 'Show'),
('Teatro com performances de comédia e drama', 'Teatro da Riso', 'Rua das Palavras, 31', TRUE, 'Show'),
('Praia com calçadão e espaço para esportes ao ar livre', 'Praia do Sol Nascente', 'Avenida da Praia, 10', TRUE, 'Festival'),
('Centro comercial com entretenimento e restaurantes', 'Shopping Garden', 'Rua do Comércio, 25', TRUE, 'Feiras'),
('Parque com áreas para churrasco e lagos para pesca', 'Parque do Lago', 'Estrada dos Lagos, 80', TRUE, 'Exposições'),
('Centro de eventos com espaço para convenções e feiras', 'Centro de Feiras', 'Rua dos Eventos, 45', TRUE, 'Feiras'),
('Complexo de esportes com quadras de tênis e piscina olímpica', 'Complexo Aquático', 'Avenida dos Atletas, 150', TRUE, 'Apresentações'),
('Deque de observação no 42º andar de um arranha-céu com chão e paredes de vidro e vista para a cidade.', 'Sampa Sky', 'Praça Pedro Lessa, 110 - Centro Histórico de São Paulo, São Paulo - SP, 01032-030', TRUE, 'Exposições'),
('Ponte Estaiada Octavio Frias de Oliveira', 'Ponte Estaiada','Av. das Nações Unidas, 7108 - Vila Cordeiro, São Paulo - SP, 04583-105', TRUE, 'Exposições'),
('Viaduto de 225 metros de extensão, situado no centro de são Paulo, que liga o centro velho ao centro novo da cidade', 'Viaduto da Santa Ifigênia', 'Viaduto Santa Ifigênia, 62-200 - Santa Ifigênia, São Paulo - SP, 01031-001', TRUE, 'Exposições'),
('Praça com o Marco Zero da capital paulista', 'Praça da Sé', 'Praça da Sé - Sé, São Paulo - SP, 01001-000', TRUE, 'Exposições'),
('Praça localizada no centro da cidade, também correcida por sua feira de Arte e Artesanato que abriga mais de 600 barracas', 'Praça da República', 'Praça da república - República, São Paulo - SP, 12020-363', TRUE, 'Exposições'),
('Valé do Anhangabaú se localiza entre o Viaduto do Chá e o Santa Ifigênia. Grande área aberta', 'Vale do Anhangabaú', 'Av. São João, R. Formosa - Centro Histórico de São Paulo, São Paulo - SP, 01036-000', TRUE, 'Exposições'),
('Local onde foi levantado a primeira construção da cidade de São Paulo', 'Pateo do Collegio', 'Praça Pateo do Collegio, 2 - Centro Histórico de São Paulo, São Paulo - SP, 01016-040', TRUE, 'Exposições'),
('Parque do Ibirapuera possui uma área de 1,6 milhões de m² e abriga importantes prédios públicos, vários museus, planetário, jardins e lagos', 'Parque do Ibirapuera', 'Av. Pedro Álvares Cabral - Vila Mariana, São Paulo - SP, 04094-050', TRUE, 'Exposições'),
('Roda Rico é a maior roda gigante da América Latina, situada no parque Candido Portinari', 'Roda Gigante do parque Candido Portinari', 'Av. Queiroz Filho, 1365 - Vila Hamburguesa, São Paulo - SP, 03178-200', TRUE, 'Exposições'),
('Museu de Arte de São Paulo (MASP) sustentado por quatro pilares. Mantém uma pinacoteca, biblioteca, fototeca, filmoteca, videoteca, cursos de artes e serviço educativo de apoio às exposições, exibição de filmes e concertos musicais de interesse artístico e cultural', 'MASP', 'Av. Paulista, 1578 - Bela Vista, São Paulo - SP, 01310-200', TRUE, 'Exposições'),
('Teatro Municipal de São Paulo coordena escolas de música, além da Orquestra Sinfônica Municipal, a Orquestra Experimental de Repertório, o Balé da Cidade, o Quarteto de Cordas, o Coral Lírico e Coral Paulistano', 'Teatro Municipal de São Paulo', 'Praça Ramos de Azevedo, s/n - República, São Paulo - SP, 01037-010', TRUE, 'Apresentações'),
('museu do Ipiranga é um ícone arquitetônico da cidade de São Paulo, devido à imponência do prédio, jardins, instalações e por sua história', 'Museu do Ipiranga', 'Parque da Independência - Ipiranga, São Paulo - SP, 04263-000', TRUE, 'Exposições'),
('Mosteiro de São Bento abriga a Basílica de Nossa Senhora da Assunção e o mosteiro com cerca de 40 monges enclausurados que seguem a tradição', 'Mosteiro de São Banto', 'Largo de São Bento, s/n° - Centro - São Paulo - SP, 01029-010', TRUE, 'Exposições'),
('Palácio dos Bandeirantes é a atual sede do Governo Paulista', 'Palácio dos Bandeirantes', 'Av. Morumbi, 4500 - Morumbi, São Paulo - SP, 05650-905', TRUE, 'Exposições'),
('A Pinacoteca de São Paulo é um museu de artes visuais voltado para a produção brasileira', 'Pinacoteca de São Paulo', 'Praça da Luz, 2 - Luz, São Paulo - SP, 01120-010', TRUE, 'Exposições'),
('Museu do Futebol preserva a história, memória e difusão de um acervo de referências do futebol', 'Museu do Futebol', 'Praça Charles Miller, s/n - Pacaembu, São Paulo - SP, 01234-010', TRUE, 'Exposições'),
('Arena Corinthians, também conhecida como Itaquerão, como nome oficial de Neo Química Arena, e a casa do Sport Club Corinthians Paulista', 'Neo Química Arena', 'Av. Miguel Ignácio Curi, 111 - Vila Carmosina, São Paulo - SP, 08295-005', TRUE, 'Apresentações'),
('Arena do Palmeiras, conhecida como Allianz Parque, além de ser o estádio oficial do clube é uma arena multiuso', 'Allianz Parque', 'Avenida Francisco Matarazzo, 1705, R. palestra Itália, 200 - Água Branca, São Paulo - SP, 05001-200', TRUE, 'Exposições'),
('O mercado municipal de São Paulo é um importante centro de abastecimento e lazer, com grande variedade de produtos, desde hortifrutis até especiarias', 'Mercado Municipal de São Paulo', 'R. da Cantareira, 306 - Centro Histórico de São Paulo, São Paulo - SP, 01024-900', TRUE, 'exposições'),
('O Aquário de São Paulo tem 60 mil m², divididos em quatro seções: Oceanário, Água Doce, Museu Paleontológico e Vale dos Dinossauros', 'Aquário de São Paulo', 'R. Huet Bacelar, 407 - Vila São José, São Paulo - SP, 04275-000', TRUE, 'Exposições'),
('O Parque Zoológico de São Paulo possui uma área de 824 mil m², é o maior do Brasil e considerado um dos 10 melhores do mundo, pela diversidade de animais que abriga', 'Parque zoológico de São Paulo', 'Av. Miguel Estefano, 4241 - Água Funda, São Paulo - SP, 04301-905', TRUE, 'Exposições'),
('O Beco do Batman, localizado na Vila Madalena, tornou-se um ponto turístico em São Paulo pelos traços coloridos e intensos dos artistas de rua', 'Beco do Batman', 'R. Medeiros de Albuquerque, 82-154 - Jardim das Bandeiras, São Paulo - SP, 05436-060', TRUE, 'Exposições'),
('O edifício Itália é o segundo maior prédio da cidade de São Paulo e um dos maiores do Brasil, com 165 metros de altura a partir do nível da rua (151 metros no deck de observação)', 'Edifício Itália', 'Av. Ipiranga, 344 - República, São Paulo - SP, 01046-010', TRUE, 'Exposições'),
('O Museu de Arte Contemporânea da USP (MAC) oferece programas educativos, visitas a exposições para público espontâneo, bem como para escolas públicas e privadas', 'MAC USP', 'Av. Pedro Álvares Cabral, 1301 - Vila Mariana, São Paulo - SP, 04094-050', TRUE, 'Exposições'),
('A 25 de março é o lugar de quem está buscando compras produtos baratos', '25 de Março', 'Ru Vinte e Cinco de Março - Sé, São Paulo - SP', TRUE, 'Exposições'),
('o Sesc é um centro cultural e lazer', 'Sesc', 'R. Clélia, 93 - Água Branca, São Paulo - SP, 050042-000', TRUE, 'Exposições'),
('O Museu da Imagem e do Som (MIS) possui uma coleção de mais de 200 mil itens, como fotografias, câmeras, filmes, vídeos, cartazes e depoimentos. Conhecido por exposições imersivas', 'Museu da Imagem e do Som', 'Av. Europa, 158, Jd. Europa, São Paulo - SP, 01449-000', TRUE, 'Exposições'),
('O Museu Brasileiro da Escultura e da Ecologia apresenta filmes de artes, cursos, palestras, recitais de piano, seminários, apresentações de música clássica, feiras de antiguidade, design, entre outras coisas', 'MuBE', 'R. Alemanha, 221 - Jardim Europa, São Paulo - SP, 01448-000', TRUE, 'Exposições'),
('O Centro Cultural Banco do Brasil (CCBB) oferece exposições itinerantes de grandes artistas mundiais e um circuito de teatro e música extremamente expressivo', 'Centro Cultural Banco do Brasil (CCBB)', 'R. Álvares Penteado, 112 - Centro Histórico de São Paulo, São Paulo - SP, 01012-000', TRUE, 'Exposições'),
('O MUB3 - Museu da Bolsa do Brasil tem o propósito de estabelecer uma nova relação das pessoas com o universo da educação financeira e o impacto em suas vidas', 'MUB3', 'R. Quinze de Novembro, 275 - Centro Histórico de São Paulo, São  Paulo - SP, 01013-906', TRUE, 'Exposições'),
('O Museu de Arte Sacra é uma das principais instituições culturais brasileiras voltadas ao estudo, conservação, restauro e exposição de objetos às artes, com destaque ao segmento sacro e barroco', 'Museu de Arte Sacra', 'Av. Tiradentes, 676 - Luz, São Paulo - SP, 01102-000', TRUE, 'Exposições'),
('O Museu Afro Brasil integra os anseios do negro jovem e pobre ao seu programa museológico, contribuindo para sua formação educacional e artística', 'Museu Afro Brasil', 'Portão 10, Av. Pedro Álvares Cabral, s/n Vila Mariana, São Paulo - Estado de São Paulo, 04094-050', TRUE, 'Exposições'),
('Instituto Lina Bo Bardi/Casa de Vidro é uma organização da sociedade civil de fins não lucrativos com sede na cidade de São Paulo', 'Instituto Lina Bo Bardi - Casa de Vidro', 'R. Gen. Almério de Moura, 200 - Morumbi, São Paulo - SP, 05690-080', TRUE, 'Exposições'),
('O instituto Tomie Ohtake é dedicado às artes visuais e seus cruzamentos com a educação, a arquitetura e o design, sempre aberto ao diálogo com outras linguagens e temas contemporâneos', 'Instituto Tomie Ohtake', 'Rua Coropé, 88 - Pinheiros, São Paulo - SP, 05426-010', TRUE, 'Exposições'),
('O Museu de Arte Brasileira é atrelado ao programa de atividades da FAAP tais como Residência Artística, exposições e intercâmbios', 'Museu de Arte Brasileira', 'R. Alagoas, 903 - Higienópolis, São Paulo - SP, 01242-902', TRUE, 'Exposições'),
('O bairro da Liberdade é conhecido como o maior reduto da comunidade japonesa no município', 'Bairro da Liberdade', 'Liberdade, São Paulo - SP', TRUE, 'Exposições'),
('A Feira do Bixiga é uma feira de antiguidades, onde é possível ver tanto a boemia quanto os costumes religiosos do moradores', 'Feira do Bixiga', 'Praça Dom Orione - Bela Vista, São Paulo - SP, 01325-020', TRUE, 'Exposições'),
('O Museu Catavento é interativo, divertido e altamente informativo, o Catavento rende um dia inteiro de passeio e experiências que nos levam rumo ao mundo da ciência, tudo em meio a brincadeiras e muitas gargalhadas', 'Museu Catavento', 'Avenida Mercúrio, Parque Dom Pedro II, s/n, São Paulo - SP, 03003-060', TRUE, 'Exposições'),
('A Galeria do Rock têm 450 lojas de várias especialidades', 'Galeria do Rock', 'Av. São João, 439 - República, São Paulo - SP, 01035-000', TRUE, 'Exposições'),
('O Museu da Língua Portuguesa aproxima os falantes do idioma em todo o mundo', 'Museu da Língua Portuguesa', 'Praça da Luz, s/n° - Centro Histórico de São Paulo, São Paulo - SP, 01120-010', TRUE, 'Exposições');

-- Inserção na tabela classificacao
INSERT INTO classificacao(nota, ID_atracao, ID_usuario) VALUES
(4.5, 1, 11),
(5.0, 2, 12),
(3.8, 3, 13),
(4.2, 4, 14),
(3.5, 5, 15),
(4.7, 6, 16),
(4.0, 7, 17),
(3.9, 8, 18),
(4.8, 9, 19),
(4.6, 10, 20),
(4.1, 11, 21),
(3.7, 12, 22),
(4.9, 13, 23),
(3.6, 14, 24),
(4.4, 15, 25),
(4.8, 16, 26),
(3.9, 17, 27),
(4.2, 18, 28),
(5.0, 19, 29),
(3.8, 20, 30),
(4.3, 21, 31),
(3.4, 22, 32),
(4.6, 23, 33),
(4.1, 24, 34),
(3.9, 25, 35),
(4.5, 26, 36),
(3.7, 27, 37),
(4.0, 28, 38),
(4.9, 29, 39),
(3.6, 30, 40), 
(4.0, 31, 41),
(3.5, 32, 42),
(4.2, 33, 43),
(4.8, 34, 44),
(3.9, 35, 45),
(4.6, 36, 46),
(3.8, 37, 47),
(4.4, 38, 48),
(5.0, 39, 49),
(4.1, 40, 50),
(3.9, 41, 51),
(4.5, 42, 52),
(4.1, 43, 53),
(3.8, 44, 54),
(4.7, 45, 55),
(4.2, 46, 56),
(3.6, 47, 57),
(4.9, 48, 58),
(4.3, 49, 59),
(3.7, 50, 60),
(4.4, 51, 61),
(3.6, 52, 62),
(4.9, 53, 63),
(4.0, 54, 64),
(3.7, 55, 65),
(4.8, 56, 66),
(3.5, 57, 67),
(4.3, 58, 68),
(5.0, 59, 69),
(4.2, 60, 70), 
(3.8, 61, 71),
(4.7, 62, 72),
(4.3, 63, 73),
(4.6, 64, 74),
(3.9, 65, 75),
(4.1, 66, 76),
(4.0, 67, 77),
(4.5, 68, 78),
(4.8, 69, 79),
(3.7, 70, 80),
(4.2, 71, 81),
(3.9, 72, 82),
(4.6, 73, 83),
(4.3, 74, 84),
(4.0, 75, 85),
(4.7, 76, 86),
(3.8, 77, 87),
(4.1, 78, 88),
(4.5, 79, 89),
(3.6, 80, 90),
(4.0, 81, 91),
(3.8, 82, 92),
(4.4, 83, 93),
(4.7, 84, 94),
(3.6, 85, 95),
(4.2, 86, 96),
(3.9, 87, 97),
(4.5, 88, 98),
(4.8, 89, 99),
(3.7, 90, 100),
(4.3, 91, 1),
(3.7, 92, 2),
(4.1, 93, 3),
(4.8, 94, 4),
(4.2, 95, 5),
(3.5, 96, 6),
(4.6, 97, 7),
(4.0, 98, 8),
(4.9, 99, 9),
(3.8, 100, 10);


-- Inserção na tabela imagem
INSERT INTO imagem(url, ID_atracao) VALUES
('https://www.fuiserviajante.com/wp-content/uploads/2024/06/onde-fazer-piquenique-em-curitiba-parque-barigui-curitiba.jpg', 1),
('https://imagens-revista-pro.vivadecora.com.br/uploads/2018/08/museu-arquitetura-museu-de-arte-contemporanea-de-niteroi-Oscar-Niemeyer.jpg', 2),
('https://ateondeeupuderir.com/wp-content/uploads/2020/08/20200127_130925-750x394.jpg', 3),
('https://dynamic-media-cdn.tripadvisor.com/media/photo-o/1a/37/f4/70/jardim-botanico.jpg?w=1200&h=-1&s=1', 4),
('https://dynamic-media-cdn.tripadvisor.com/media/photo-o/2d/00/eb/3e/casal-no-tunel-do-aquario.jpg?w=1200&h=-1&s=1', 5),
('https://www.saopaulo.sp.gov.br/wp-content/uploads/2017/03/trilha-com-acessibilidade-1-divulga%C3%A7%C3%A3o-sma-1024x704.jpg', 6),
('https://www.eztec.com.br/wp-content/uploads/blog/2018/10/confira-5-motivos-para-visitar-a-biblioteca-villa-lobos.jpg', 7),
('https://encrypted-tbn0.gstatic.com/images?q=tbn:ANd9GcS_NsL6_j-arbI4eZ12GmBNkrDvNYVX_0koCw&s', 8),
('https://encrypted-tbn0.gstatic.com/images?q=tbn:ANd9GcTMzCupvPnDTj4UXrvnDevW1KYSGIeJWrBgbQ&s', 9),
('https://blogfca.pucminas.br/colab/wp-content/uploads/2023/06/Exposicao-Local-na-Galeria-quartoamado%EF%BF%BD-Foto-Bernardo-Biagioni-02.jpg', 10),
('https://www.aquariomarinhodorio.com.br/wp-content/uploads/2024/05/imagem_2024-05-14_103446140-1536x1022.jpg', 11),
('https://vejasp.abril.com.br/wp-content/uploads/2020/11/museu102.jpg?quality=70&strip=info&w=720&crop=1', 12),
('https://encrypted-tbn0.gstatic.com/images?q=tbn:ANd9GcSLkjtKQPWPJHrAFxXq4Tts_1TrGdTECMXn2Q&s', 13),
('https://encrypted-tbn0.gstatic.com/images?q=tbn:ANd9GcQ_j6_P0n83GZjizvZGsRuNc0WomGUQoi9sEQ&s', 14),
('https://www.transamericaexpo.com.br/wp-content/uploads/2015/09/Capa-1415711258.jpg', 15),
('https://www.santos.sp.gov.br/static/files_www/styles/newspagesimples/public/field/image/whatsapp_image_2024-04-25_at_12.28.34.jpeg?itok=6o4SHN6P', 16),
('https://www.jardinselagos.com.br/uploads/6424218c7acde_20201029114911.jpg', 17),
('https://s2-g1.glbimg.com/WPi5bhn1SLgAV38yIOpchGlZDFk=/0x0:1600x1066/984x0/smart/filters:strip_icc()/i.s3.glbimg.com/v1/AUTH_59edd422c0c84a879bd37670ae4f538a/internal_photos/bs/2024/x/f/YPEooKTY67ojqsnfWAOg/129d538a-4e80-46bf-892b-e73cf482a1fe.jpg', 18),
('https://www.hojeemdia.com.br/image/policy:1.1009506.1713461799:1713461799/image.jpg?f=2x1&w=1200&', 19),
('https://i.ytimg.com/vi/f9tW26gajZM/hq720.jpg?sqp=-oaymwEhCK4FEIIDSFryq4qpAxMIARUAAAAAGAElAADIQj0AgKJD&rs=AOn4CLBxP6-QXJTZ69fVDGiwp3xYYgigOg', 20), 
('https://encrypted-tbn0.gstatic.com/images?q=tbn:ANd9GcRHoiY8YgH5SLuYmxUoG89-qu6sldNyzWqoZQ&s', 21),
('https://i0.wp.com/educacional.com.br/wp-content/uploads/2023/12/como-organizar-uma-biblioteca-escolar.jpg', 22),
('https://papelsemente.com.br/wp-content/uploads/2020/05/katee-lue-DBd-Q4KU__g-unsplash-1024x683.jpg', 23),
('https://www.semadesc.ms.gov.br/wp-content/uploads/2023/12/WhatsApp-Image-2023-12-19-at-16.22.01.jpeg', 24),
('https://encrypted-tbn0.gstatic.com/images?q=tbn:ANd9GcSG5YmYmtpAT_fGYGKcbXK3VrXE2NLWrr4i8g&s', 25),
('https://encrypted-tbn0.gstatic.com/images?q=tbn:ANd9GcQtBS5NeT5D2Ij-Ak6EuuLegSBjwI8JuA0rdg&s', 26),
('https://encrypted-tbn0.gstatic.com/images?q=tbn:ANd9GcSvRJ58Unn3DAg8tgjyaxGj_QOKe_tiow0pZA&s', 27),
('https://lh4.googleusercontent.com/proxy/4C2Pl9DVtqmbUnHdzpLREUu7df-bIbQPO_v4xbv95D9g-DFCMxNm6N5uYLJT6rQLtQUNQ_jz0IF9R-InSzRTbKEfhg', 28),
('https://www.rbsdirect.com.br/filestore/4/5/7/3/2/8/4_607b3d2f9db96c0/4823754_d508394098f8f23.jpg?w=700', 29),
('https://www.caf.com/media/7231/la-galeria-caf-destaca-tiempos-y-tendencias-de-la-escultura-latinoamericana-5.jpg', 30),
('https://www.blogdoadonis.com.br/wp-content/uploads/2023/12/morumbi-20082023124912033.jpeg', 31),
('https://www.moblee.com.br/blog/wp-content/uploads/sites/2/2018/02/Captura-de-Tela-2018-01-16-a%CC%80s-13.46.46.png', 32),
('https://s2-g1.glbimg.com/Z72FnsDssJCJZ1WWNbHSkFG6gIk=/0x0:3241x2431/984x0/smart/filters:strip_icc()/i.s3.glbimg.com/v1/AUTH_59edd422c0c84a879bd37670ae4f538a/internal_photos/bs/2023/9/f/sarawPQM2JB2ksvBGz9g/02praia3.jpg', 33),
('https://veja.abril.com.br/wp-content/uploads/2020/03/shopping-parque-da-cidade-2019-1.jpg.jpg?crop=1&resize=1212,909', 34),
('https://www.cnnbrasil.com.br/viagemegastronomia/wp-content/uploads/sites/5/2022/03/maracana-estadio-rio-de-janeiro.jpg', 35),
('https://www.itaquaquecetuba.sp.gov.br/wp-content/uploads/2024/04/Quadra-Morro-Branco-1068x710.png', 36),
('https://www.secult.ce.gov.br/wp-content/uploads/sites/43/2018/10/Cinema.jpg', 37),
('https://png.pngtree.com/thumb_back/fh260/background/20230713/pngtree-desolate-play-area-a-vacant-basketball-court-with-backboard-sports-arena-image_3861544.jpg', 38),
('https://elementomar.cdn.magazord.com.br/img/2024/04/blog/18706/frases-de-praia.jpg', 39),
('https://upload.wikimedia.org/wikipedia/commons/thumb/b/bc/Teatro_Municipal_de_S%C3%A3o_Paulo_8.jpg/1200px-Teatro_Municipal_de_S%C3%A3o_Paulo_8.jpg', 40),
('https://teatrobravos.com.br/wp-content/uploads/2022/07/DSC_2130.jpg.webp', 41),
('https://lojasdeskate.com.br/wp-content/uploads/2020/05/pista-do-chuvisco-3-820x460.jpg', 42),
('https://www.civitatis.com/blog/wp-content/uploads/2023/12/shutterstock_318248558-scaled.jpg', 43),
('https://www.institutousiminas.com/wp-content/uploads/2023/10/Teatro-Centro-Cultural-Usiminas-foto-elvira-nascimento-1-1.png', 44),
('https://gooutside.com.br/wp-content/uploads/sites/3/2018/12/praias.jpg', 45),
('https://www.guiadasemana.com.br/contentFiles/image/opt_w320h200/2022/04/FEA/68413_grand6.jpg', 46),
('https://espacofiteventos.com.br/wp-content/uploads/banner2-salas-espaco-para-locacao-auditorio-para-alugar-aluguel-espaco-fit-eventos-847x482.jpg', 47),
('https://www.melhoresdestinos.com.br/wp-content/uploads/2023/01/veneza-water-park-parque-aquatico.jpg', 48),
('https://guiaderodas.com/wp-content/uploads/2021/04/praiacomacessibilidade.jpg', 49),
('https://images.adsttc.com/media/images/60ed/9aff/3790/a401/64db/4d9c/newsletter/sunyu-kim-rj6vvs8n4qg-unsplash.jpg?1626184459', 50),
('https://i0.wp.com/turistandopeloparana.com/wp-content/uploads/2019/04/cachoeira-preciosa-sebui-1.jpg?fit=770%2C514', 51),
('https://imgmd.net/images/v1/guia/1583352/centro-cultural-sao-paulo.jpg', 52),
('https://www.cnnbrasil.com.br/wp-content/uploads/sites/12/2022/03/maracana-estadio-rio-de-janeiro.webp?w=876', 53),
('https://www.gclkids.com.br/wp-content/uploads/2014/05/playgrounds-para-pracas-publicas-02.jpg', 54),
('https://applications-media.feverup.com/image/upload/f_auto/fever2/plan/photo/fed8b354-96bd-11ed-95a2-4ab4380a6e40.jpg', 55),
('https://www.guiaviagensbrasil.com/imagens/praia-leme-rj.jpg', 56),
('https://tourb.com.br/img/lugares/sao-paulo/rua-25-de-marco-2.jpg', 57),
('https://blogger.googleusercontent.com/img/b/R29vZ2xl/AVvXsEgzIisok8CYLYJBqrZgHPq1E8OFADHxZJZ7CYH0ZP_rl8_fdayED-R2X_C6KoDBgAn_or8ppezWAnGp79Zqi-P8R9bTbLZ8Ai6VemTnk2g6kfj1Ll99kjZklkHlER505NmcC-8btqpSxP8/s1600/parque+anhanguera+piquenique-min.jpg', 58),
('https://riocentro.com.br/wp-content/uploads/2024/02/feiras-e-exposicoes-1024x611.jpeg', 59),
('https://images.squarespace-cdn.com/content/5e79e7f3f72f3e6c9393bcc6/1602876209936-X2XG30FKBHTHMQHUZNEG/UNIQUE_QUADRAS-P.jpg?content-type=image%2Fjpeg', 60),
('https://guiaviajarmelhor.com.br/wp-content/uploads/2023/04/Sampa-sky-dicas.jpg', 61),
('https://encrypted-tbn0.gstatic.com/images?q=tbn:ANd9GcS6fx5nk1b74_vJ693q2orJcxdeqHf2IyKUJQ&s', 62),
('https://cfp.folha.com.br/content/photos/4/E/12191596-vlow.jpg', 63),
('https://encrypted-tbn0.gstatic.com/images?q=tbn:ANd9GcTytjSXgeL8PbK-D-FpLTfiFnO7aChmnLCe-w&s', 64),
('https://encrypted-tbn0.gstatic.com/images?q=tbn:ANd9GcQch_KqHyoXZ20AttAQHdrPXcqcn3Ov1c8ueg&s', 65),
('https://encrypted-tbn0.gstatic.com/images?q=tbn:ANd9GcT7j2Co87YLL1gGQrcR1qzlMs0rebPwe7akpw&s', 66),
('https://www.saopaulo.sp.gov.br/wp-content/uploads/2016/12/pateo-colegio.jpg', 67),
('https://www.saopauloinfoco.com.br/wp-content/uploads/2013/03/Parque-do-Ibirapuera_Cidade-de-São-Paulo.jpg', 68),
('https://s2-g1.glbimg.com/8O1cmfX44AD6zs2Zhdj8LWcxw6c=/0x0:5272x3948/1008x0/smart/filters:strip_icc()/i.s3.glbimg.com/v1/AUTH_59edd422c0c84a879bd37670ae4f538a/internal_photos/bs/2022/m/T/WFzlMyRMGVeMTi7IBsXA/24.jpg', 69),
('https://encrypted-tbn0.gstatic.com/images?q=tbn:ANd9GcS5L4FJBL_VlxHwgzXwYy9VUYvmT5FIGId3Ig&s', 70),
('https://upload.wikimedia.org/wikipedia/commons/thumb/b/bc/Teatro_Municipal_de_São_Paulo_8.jpg/800px-Teatro_Municipal_de_São_Paulo_8.jpg', 71),
('https://upload.wikimedia.org/wikipedia/commons/thumb/4/4a/Webysther_20190304150324_-_Parque_da_Independência.jpg/300px-Webysther_20190304150324_-_Parque_da_Independência.jpg', 72),
('https://upload.wikimedia.org/wikipedia/commons/d/d3/MosteiroSBento-SP.jpg', 73),
('https://www.casacivil.sp.gov.br/wp-content/uploads/2023/05/palacio-1200x800.jpeg', 74),
('https://encrypted-tbn0.gstatic.com/images?q=tbn:ANd9GcSEOkHeNbrGHr8tJ5Kn_numcKo8LRtcBdXQIg&s', 75),
('https://upload.wikimedia.org/wikipedia/commons/a/a2/Estádio_do_Pacaembu_entrance-2007-10-02.jpg', 76),
('https://encrypted-tbn0.gstatic.com/images?q=tbn:ANd9GcR7ayQt2Iq9ZDOUzStSo6p-efLCbRP10FsHJg&s', 77),
('https://ptd.verdao.net/wp-content/uploads/2023/05/allianz_aereo_2.jpg', 78),
('https://www.al.sp.gov.br/repositorio/noticia/09-2008/mercadao.jpg', 79),
('https://www.jornaldevinhedo.com.br/wp-content/uploads/2023/01/226F53D9-ED99-49FB-8975-A23041BE9B51.jpeg', 80),
('https://www.viajali.com.br/wp-content/uploads/2022/08/zoologico-de-sao-paulo-00.jpg', 81),
('https://www.melhoresdestinos.com.br/wp-content/uploads/2020/02/beco-do-batman-capa2019-01.jpg', 82),
('https://tourb.com.br/img/lugares/sao-paulo/edificio-italia-1.jpg', 83),
('https://www.topensandoemviajar.com/wp-content/uploads/2018/04/mac-usp-sp-exterior-predio.jpg', 84),
('https://www.melhoresdestinos.com.br/wp-content/uploads/2019/07/25-de-marco-capa2019-01-820x430.jpg', 85),
('https://encrypted-tbn0.gstatic.com/images?q=tbn:ANd9GcR_8Mj8i8D_xV3KSc9r5PhnECVlkzWH7yoaWw&s', 86),
('https://www.saopaulo.sp.gov.br/wp-content/uploads/2016/12/mis.jpg', 87),
('https://images.sympla.com.br/603781b503ec0.jpg', 88),
('https://ccbbstg.blob.core.windows.net/site-prod/2021/04/swiper-sp1.png', 89),
('https://cdn.borainvestir.b3.com.br/2023/01/24125355/b3-museu-aniversario-sp.png', 90),
('https://upload.wikimedia.org/wikipedia/commons/thumb/b/bc/Museu_de_Arte_Sacra_de_São_Paulo.jpg/1200px-Museu_de_Arte_Sacra_de_São_Paulo.jpg', 91),
('https://lh5.googleusercontent.com/proxy/mDRhT6jXZEJcteDFWCqLkADefTnNWdpCsWUHTRpuHHoBMPQu3qzk9OHfcxkAZVHAeexNoTted7bxnImdxlwcqgJEdT3xoghoKn9_zb_lBRNSlpfj-qIPwOlRUMhe-TwMQWMN8OXPpSQWd6jrqwut', 92),
('https://artequeacontece.com.br/wp-content/uploads/2023/02/casadevidro1-1200x700-1.jpg', 93),
('https://dynamic-media-cdn.tripadvisor.com/media/photo-o/08/40/9a/be/instituto-tomie-ohtake.jpg?w=1200&h=1200&s=1', 94),
('https://imgmd.net/images/v1/guia/1583999/museu-de-arte-brasileira-mab-faap.jpg', 95),
('https://www.viagenscinematograficas.com.br/wp-content/uploads/2018/02/Liberdade-SP-O-que-fazer-Capa-1.jpg', 96),
('https://media-cdn.tripadvisor.com/media/photo-s/06/23/e3/33/feira-do-bexiga.jpg', 97),
('https://dynamic-media-cdn.tripadvisor.com/media/photo-o/16/63/31/6c/museu-catavento.jpg?w=1200&h=1200&s=1', 98),
('https://upload.wikimedia.org/wikipedia/commons/e/ea/Shopping_Center_Grandes_Galerias_-_Galeria_do_Rock_3.jpg', 99),
('https://encrypted-tbn0.gstatic.com/images?q=tbn:ANd9GcQ6KCoMgyMOZSKA3dsVXBrExpS-aH-LNirhPw&s', 100);


-- Inserção na tabela pontos_turisticos
INSERT INTO pontos_turisticos (capacidade, preco_entrada, ID_atracao) VALUES
(700, 65.00, 61),
(450, 48.00, 62),
(1200, 100.00, 63),
(180, 26.00, 64),
(550, 52.00, 65),
(500, 50.00, 66),
(900, 75.00, 67),
(1100, 85.00, 68),
(220, 33.00, 69),
(450, 47.00, 70),
(650, 60.00, 71),
(350, 42.00, 72),
(1250, 90.00, 73),
(170, 28.00, 74),
(600, 55.00, 75),
(450, 48.00, 76),
(500, 45.00, 77),
(980, 88.00, 78),
(200, 30.00, 79),
(700, 65.00, 80),
(500, 50.00, 81),
(850, 70.00, 82),
(1050, 95.00, 83),
(240, 35.00, 84),
(500, 50.00, 85),
(600, 55.00, 86),
(400, 48.00, 87),
(1150, 100.00, 88),
(175, 27.00, 89),
(550, 53.00, 90),
(500, 50.00, 91),
(900, 78.00, 92),
(1300, 105.00, 93),
(210, 32.00, 94),
(450, 47.00, 95),
(650, 58.00, 96),
(350, 40.00, 97),
(1250, 98.00, 98),
(180, 29.00, 99),
(600, 55.00, 100);


-- Inserção na tabela excursao
INSERT INTO excursao (nome_empresa, capacidade, duracao, site, preco_total, data_inicio, data_termino, ID_atracao) VALUES
('Aventura Extrema', 40, '3 dias', 'www.aventuraextrema.com', 250.00, '2024-11-01', '2024-11-04', 1),
('Explora Tours', 35, '5 dias', 'www.exploratours.com', 400.00, '2024-11-02', '2024-11-07', 2),
('Turismo Tropical', 50, '7 dias', 'www.turismotropical.com', 750.00, '2024-11-01', '2024-11-08', 3),
('Natureza Selvagem', 30, '4 dias', 'www.naturezaselvagem.com', 320.00, '2024-11-06', '2024-11-10', 4),
('Ilhas & Cia', 25, '2 dias', 'www.ilhasecia.com', 150.00, '2024-11-05', '2024-11-07', 5),
('Montanha Azul', 45, '6 dias', 'www.montanhaazul.com', 550.00, '2024-11-03', '2024-11-09', 6),
('Trilhas do Horizonte', 20, '3 dias', 'www.trilhasdohorizonte.com', 270.00, '2024-11-08', '2024-11-11', 7),
('Ocean Explorer', 40, '5 dias', 'www.oceanexplorer.com', 620.00, '2024-11-04', '2024-11-09', 8),
('Viajar Sempre', 50, '8 dias', 'www.viajardepois.com', 800.00, '2024-11-01', '2024-11-09', 9),
('Caminhos da Natureza', 30, '4 dias', 'www.caminhosdanatureza.com', 300.00, '2024-11-06', '2024-11-10', 10),
('Aventura e Mar', 35, '5 dias', 'www.aventuraemar.com', 450.00, '2024-11-10', '2024-11-15', 11),
('Rota das Cachoeiras', 40, '3 dias', 'www.rotacachoeiras.com', 260.00, '2024-11-11', '2024-11-14', 12),
('Pé na Estrada', 50, '6 dias', 'www.penaestrada.com', 500.00, '2024-11-07', '2024-11-13', 13),
('Expedição Litorânea', 20, '4 dias', 'www.expedicaolitoranea.com', 350.00, '2024-11-10', '2024-11-14', 14),
('Horizonte Aberto', 45, '7 dias', 'www.horizonteaberto.com', 780.00, '2024-11-06', '2024-11-13', 15),
('Ecoturismo Brasil', 30, '5 dias', 'www.ecoturismobrasil.com', 400.00, '2024-11-11', '2024-11-16', 16),
('Ilhas Paradisíacas', 25, '3 dias', 'www.ilhasparadisiacas.com', 220.00, '2024-11-10', '2024-11-13', 17),
('Montanhas e Rios', 40, '6 dias', 'www.montanhaseerios.com', 580.00, '2024-11-08', '2024-11-14', 18),
('Trilhas do Sul', 35, '4 dias', 'www.trilhasdosul.com', 320.00, '2024-11-09', '2024-11-13', 19),
('Oceanos e Mares', 50, '8 dias', 'www.oceanosemares.com', 850.00, '2024-11-10', '2024-11-18', 20),
('Aventura Real', 45, '5 dias', 'www.aventurareal.com', 460.00, '2024-11-14', '2024-11-19', 21),
('Caminhos da Floresta', 30, '6 dias', 'www.caminhosdafloresta.com', 520.00, '2024-11-15', '2024-11-21', 22),
('Ilhas e Praias', 35, '7 dias', 'www.ilhasepraias.com', 700.00, '2024-11-12', '2024-11-19', 23),
('Montanhas e Aventura', 20, '3 dias', 'www.montanhaseaventura.com', 280.00, '2024-11-15', '2024-11-18', 24),
('Ecoturismo Total', 40, '5 dias', 'www.ecoturismototal.com', 450.00, '2024-11-14', '2024-11-19', 25),
('Viajar Mais', 50, '8 dias', 'www.viajarmuito.com', 900.00, '2024-11-18', '2024-11-26', 26),
('Aventura Atlântica', 30, '4 dias', 'www.aventuraatlantica.com', 300.00, '2024-11-20', '2024-11-24', 27),
('Explorando o Norte', 25, '7 dias', 'www.explorandonorte.com', 800.00, '2024-11-13', '2024-11-20', 28),
('Natureza em Foco', 35, '5 dias', 'www.naturezaemfoco.com', 400.00, '2024-11-15', '2024-11-20', 29),
('Caminhos do Interior', 40, '6 dias', 'www.caminhosdointerior.com', 550.00, '2024-11-14', '2024-11-20', 30);

-- Inserção na tabela figurinhas
INSERT INTO figurinhas(url) VALUES
('https://www.photopro.com.br/imagens/raiz//GET/ORIGAME/ABERTURA.jpg'),
('https://www.photopro.com.br/imagens/raiz//GET/ORIGAME/ABERTURA.jpg'),
('https://www.photopro.com.br/imagens/raiz//GET/ORIGAME/ABERTURA.jpg'),
('https://www.photopro.com.br/imagens/raiz//GET/ORIGAME/ABERTURA.jpg'),
('https://www.photopro.com.br/imagens/raiz//GET/ORIGAME/ABERTURA.jpg'),
('https://www.photopro.com.br/imagens/raiz//GET/ORIGAME/ABERTURA.jpg'),
('https://www.photopro.com.br/imagens/raiz//GET/ORIGAME/ABERTURA.jpg'),
('https://www.photopro.com.br/imagens/raiz//GET/ORIGAME/ABERTURA.jpg'),
('https://www.photopro.com.br/imagens/raiz//GET/ORIGAME/ABERTURA.jpg'),
('https://www.photopro.com.br/imagens/raiz//GET/ORIGAME/ABERTURA.jpg'),
('https://www.photopro.com.br/imagens/raiz//GET/ORIGAME/ABERTURA.jpg'),
('https://www.photopro.com.br/imagens/raiz//GET/ORIGAME/ABERTURA.jpg'),
('https://www.photopro.com.br/imagens/raiz//GET/ORIGAME/ABERTURA.jpg'),
('https://www.photopro.com.br/imagens/raiz//GET/ORIGAME/ABERTURA.jpg'),
('https://encrypted-tbn0.gstatic.com/images?q=tbn:ANd9GcRPvqkRb8T_nvXTK0I0dfySlOxTiNcMo5AQeg&s'),
('https://www.photopro.com.br/imagens/raiz//GET/ORIGAME/ABERTURA.jpg'),
('https://encrypted-tbn0.gstatic.com/images?q=tbn:ANd9GcRPvqkRb8T_nvXTK0I0dfySlOxTiNcMo5AQeg&s'),
('https://encrypted-tbn0.gstatic.com/images?q=tbn:ANd9GcRPvqkRb8T_nvXTK0I0dfySlOxTiNcMo5AQeg&s'),
('https://encrypted-tbn0.gstatic.com/images?q=tbn:ANd9GcRPvqkRb8T_nvXTK0I0dfySlOxTiNcMo5AQeg&s'),
('https://encrypted-tbn0.gstatic.com/images?q=tbn:ANd9GcRPvqkRb8T_nvXTK0I0dfySlOxTiNcMo5AQeg&s'),
('https://encrypted-tbn0.gstatic.com/images?q=tbn:ANd9GcRPvqkRb8T_nvXTK0I0dfySlOxTiNcMo5AQeg&s'),
('https://encrypted-tbn0.gstatic.com/images?q=tbn:ANd9GcRPvqkRb8T_nvXTK0I0dfySlOxTiNcMo5AQeg&s'),
('https://encrypted-tbn0.gstatic.com/images?q=tbn:ANd9GcRPvqkRb8T_nvXTK0I0dfySlOxTiNcMo5AQeg&s'),
('https://encrypted-tbn0.gstatic.com/images?q=tbn:ANd9GcRPvqkRb8T_nvXTK0I0dfySlOxTiNcMo5AQeg&s'),
('https://encrypted-tbn0.gstatic.com/images?q=tbn:ANd9GcRPvqkRb8T_nvXTK0I0dfySlOxTiNcMo5AQeg&s'),
('https://encrypted-tbn0.gstatic.com/images?q=tbn:ANd9GcRPvqkRb8T_nvXTK0I0dfySlOxTiNcMo5AQeg&s'),
('https://encrypted-tbn0.gstatic.com/images?q=tbn:ANd9GcRPvqkRb8T_nvXTK0I0dfySlOxTiNcMo5AQeg&s'),
('https://encrypted-tbn0.gstatic.com/images?q=tbn:ANd9GcRPvqkRb8T_nvXTK0I0dfySlOxTiNcMo5AQeg&s'),
('https://encrypted-tbn0.gstatic.com/images?q=tbn:ANd9GcRPvqkRb8T_nvXTK0I0dfySlOxTiNcMo5AQeg&s'),
('https://encrypted-tbn0.gstatic.com/images?q=tbn:ANd9GcRPvqkRb8T_nvXTK0I0dfySlOxTiNcMo5AQeg&s'),
('https://encrypted-tbn0.gstatic.com/images?q=tbn:ANd9GcRPvqkRb8T_nvXTK0I0dfySlOxTiNcMo5AQeg&s'),
('https://encrypted-tbn0.gstatic.com/images?q=tbn:ANd9GcRPvqkRb8T_nvXTK0I0dfySlOxTiNcMo5AQeg&s'),
('https://encrypted-tbn0.gstatic.com/images?q=tbn:ANd9GcRPvqkRb8T_nvXTK0I0dfySlOxTiNcMo5AQeg&s'),
('https://encrypted-tbn0.gstatic.com/images?q=tbn:ANd9GcRPvqkRb8T_nvXTK0I0dfySlOxTiNcMo5AQeg&s'),
('https://encrypted-tbn0.gstatic.com/images?q=tbn:ANd9GcRPvqkRb8T_nvXTK0I0dfySlOxTiNcMo5AQeg&s'),
('https://encrypted-tbn0.gstatic.com/images?q=tbn:ANd9GcRSFym-JIS4sPXp1Z1sIXrn09KapK_nAymw6w&s'),
('https://encrypted-tbn0.gstatic.com/images?q=tbn:ANd9GcRSFym-JIS4sPXp1Z1sIXrn09KapK_nAymw6w&s'),
('https://encrypted-tbn0.gstatic.com/images?q=tbn:ANd9GcRSFym-JIS4sPXp1Z1sIXrn09KapK_nAymw6w&s'),
('https://encrypted-tbn0.gstatic.com/images?q=tbn:ANd9GcRSFym-JIS4sPXp1Z1sIXrn09KapK_nAymw6w&s'),
('https://encrypted-tbn0.gstatic.com/images?q=tbn:ANd9GcRSFym-JIS4sPXp1Z1sIXrn09KapK_nAymw6w&s'), 
('https://encrypted-tbn0.gstatic.com/images?q=tbn:ANd9GcRSFym-JIS4sPXp1Z1sIXrn09KapK_nAymw6w&s'),
('https://encrypted-tbn0.gstatic.com/images?q=tbn:ANd9GcRSFym-JIS4sPXp1Z1sIXrn09KapK_nAymw6w&s'),
('https://encrypted-tbn0.gstatic.com/images?q=tbn:ANd9GcRSFym-JIS4sPXp1Z1sIXrn09KapK_nAymw6w&s'),
('https://encrypted-tbn0.gstatic.com/images?q=tbn:ANd9GcRSFym-JIS4sPXp1Z1sIXrn09KapK_nAymw6w&s'),
('https://encrypted-tbn0.gstatic.com/images?q=tbn:ANd9GcRSFym-JIS4sPXp1Z1sIXrn09KapK_nAymw6w&s'),
('https://encrypted-tbn0.gstatic.com/images?q=tbn:ANd9GcRSFym-JIS4sPXp1Z1sIXrn09KapK_nAymw6w&s'),
('https://encrypted-tbn0.gstatic.com/images?q=tbn:ANd9GcRSFym-JIS4sPXp1Z1sIXrn09KapK_nAymw6w&s'),
('https://encrypted-tbn0.gstatic.com/images?q=tbn:ANd9GcRSFym-JIS4sPXp1Z1sIXrn09KapK_nAymw6w&s'),
('https://encrypted-tbn0.gstatic.com/images?q=tbn:ANd9GcRSFym-JIS4sPXp1Z1sIXrn09KapK_nAymw6w&s'),
('https://encrypted-tbn0.gstatic.com/images?q=tbn:ANd9GcRSFym-JIS4sPXp1Z1sIXrn09KapK_nAymw6w&s'),
('https://encrypted-tbn0.gstatic.com/images?q=tbn:ANd9GcRSFym-JIS4sPXp1Z1sIXrn09KapK_nAymw6w&s'),
('https://encrypted-tbn0.gstatic.com/images?q=tbn:ANd9GcRSFym-JIS4sPXp1Z1sIXrn09KapK_nAymw6w&s'),
('https://encrypted-tbn0.gstatic.com/images?q=tbn:ANd9GcRSFym-JIS4sPXp1Z1sIXrn09KapK_nAymw6w&s'),
('https://encrypted-tbn0.gstatic.com/images?q=tbn:ANd9GcSC8T9kezNw71kHzoJPpsWY0ucofQG0CA1yaA&s'),
('https://encrypted-tbn0.gstatic.com/images?q=tbn:ANd9GcSC8T9kezNw71kHzoJPpsWY0ucofQG0CA1yaA&s'),
('https://encrypted-tbn0.gstatic.com/images?q=tbn:ANd9GcSC8T9kezNw71kHzoJPpsWY0ucofQG0CA1yaA&s'),
('https://encrypted-tbn0.gstatic.com/images?q=tbn:ANd9GcSC8T9kezNw71kHzoJPpsWY0ucofQG0CA1yaA&s'),
('https://encrypted-tbn0.gstatic.com/images?q=tbn:ANd9GcSC8T9kezNw71kHzoJPpsWY0ucofQG0CA1yaA&s'),
('https://encrypted-tbn0.gstatic.com/images?q=tbn:ANd9GcSC8T9kezNw71kHzoJPpsWY0ucofQG0CA1yaA&s'),
('https://encrypted-tbn0.gstatic.com/images?q=tbn:ANd9GcSC8T9kezNw71kHzoJPpsWY0ucofQG0CA1yaA&s'),
('https://encrypted-tbn0.gstatic.com/images?q=tbn:ANd9GcSC8T9kezNw71kHzoJPpsWY0ucofQG0CA1yaA&s'),
('https://encrypted-tbn0.gstatic.com/images?q=tbn:ANd9GcSC8T9kezNw71kHzoJPpsWY0ucofQG0CA1yaA&s'),
('https://encrypted-tbn0.gstatic.com/images?q=tbn:ANd9GcSC8T9kezNw71kHzoJPpsWY0ucofQG0CA1yaA&s'),
('https://encrypted-tbn0.gstatic.com/images?q=tbn:ANd9GcSC8T9kezNw71kHzoJPpsWY0ucofQG0CA1yaA&s'),
('https://encrypted-tbn0.gstatic.com/images?q=tbn:ANd9GcSC8T9kezNw71kHzoJPpsWY0ucofQG0CA1yaA&s'),
('https://encrypted-tbn0.gstatic.com/images?q=tbn:ANd9GcSC8T9kezNw71kHzoJPpsWY0ucofQG0CA1yaA&s'),
('https://encrypted-tbn0.gstatic.com/images?q=tbn:ANd9GcSC8T9kezNw71kHzoJPpsWY0ucofQG0CA1yaA&s'),
('https://encrypted-tbn0.gstatic.com/images?q=tbn:ANd9GcSC8T9kezNw71kHzoJPpsWY0ucofQG0CA1yaA&s'),
('https://encrypted-tbn0.gstatic.com/images?q=tbn:ANd9GcSC8T9kezNw71kHzoJPpsWY0ucofQG0CA1yaA&s'),
('https://encrypted-tbn0.gstatic.com/images?q=tbn:ANd9GcSC8T9kezNw71kHzoJPpsWY0ucofQG0CA1yaA&s');

-- Inserção na tabela figu_usuario
INSERT INTO figu_usuario(ID_usuario, ID_figurinhas) VALUES
(1, 1),
(2, 2),
(3, 3),
(4, 4),
(5, 5),
(6, 6),
(7, 7),
(8, 8),
(9, 9),
(10, 10),
(11, 11),
(12, 12),
(13, 13),
(14, 14),
(15, 15),
(16, 16),
(17, 17),
(18, 18),
(19, 19),
(20, 20),
(21, 21),
(22, 22),
(23, 23),
(24, 24),
(25, 25),
(26, 26),
(27, 27),
(28, 28),
(29, 29),
(30, 30),
(31, 31),
(32, 32),
(33, 33),
(34, 34),
(35, 35),
(36, 36),
(37, 37),
(38, 38),
(39, 39),
(40, 40),
(41, 41),
(42, 42),
(43, 43),
(44, 44),
(45, 45),
(46, 46),
(47, 47),
(48, 48),
(49, 49),
(50, 50),
(51, 51),
(52, 52),
(53, 53),
(54, 54),
(55, 55),
(56, 56),
(57, 57),
(58, 58),
(59, 59),
(60, 60),
(61, 61),
(62, 62),
(63, 63),
(64, 64),
(65, 65),
(66, 66),
(67, 67),
(68, 68),
(69, 69),
(70, 70),
(71, 1),
(72, 2),
(73, 3),
(74, 4),
(75, 5),
(76, 6),
(77, 7),
(78, 8),
(79, 9),
(80, 10),
(81, 11),
(82, 12),
(83, 13),
(84, 14),
(85, 15),
(86, 16),
(87, 17),
(88, 18),
(89, 19),
(90, 20),
(91, 21),
(92, 22),
(93, 23),
(94, 24),
(95, 25),
(96, 26),
(97, 27),
(98, 28),
(99, 29),
(100, 30);


-- Inserção na tabela tour_virtual
INSERT INTO tour_virtual(descricao, video, media_classificacao, qnt_classificacao, preco, ID_atracao, ID_figurinhas) VALUES
('Exposição de arte digital e interativa', 'www.exemplo.com/video31', 4.6, 250, 60.00, 31, 1),
('Feira de moda e design sustentável', 'www.exemplo.com/video32', 4.3, 100, 35.00, 32, 2),
('Passeio de bicicleta por trilhas históricas', 'www.exemplo.com/video33', 4.7, 220, 50.00, 33, 3),
('Show de jazz ao pôr do sol', 'www.exemplo.com/video34', 4.9, 150, 70.00, 34, 4),
('Apresentações teatrais em locais históricos', 'www.exemplo.com/video35', 4.5, 200, 40.00, 35, 5),
('Festival de arte de rua', 'www.exemplo.com/video36', 4.2, 180, 30.00, 36, 6),
('Feira de produtos orgânicos e naturais', 'www.exemplo.com/video37', 4.8, 175, 50.00, 37, 7),
('Passeio em jardins botânicos', 'www.exemplo.com/video38', 4.6, 150, 25.00, 38, 8),
('Show de rock ao ar livre', 'www.exemplo.com/video39', 4.4, 250, 55.00, 39, 9),
('Exposição de carros antigos e raros', 'www.exemplo.com/video40', 4.7, 200, 65.00, 40, 10),
('Festival de cinema ao ar livre', 'www.exemplo.com/video41', 4.5, 180, 50.00, 41, 11),
('Feira de artes e ofícios', 'www.exemplo.com/video42', 4.3, 220, 30.00, 42, 12),
('Passeios de barco e esportes aquáticos', 'www.exemplo.com/video43', 4.8, 250, 65.00, 43, 13),
('Show de mágica e ilusionismo', 'www.exemplo.com/video44', 4.6, 200, 45.00, 44, 14),
('Exposição de esculturas ao ar livre', 'www.exemplo.com/video45', 4.9, 300, 75.00, 45, 15),
('Feira de design de interiores', 'www.exemplo.com/video46', 4.5, 100, 50.00, 46, 16),
('Apresentação de ópera ao ar livre', 'www.exemplo.com/video47', 4.2, 180, 40.00, 47, 17),
('Festival de gastronomia local', 'www.exemplo.com/video48', 4.8, 220, 55.00, 48, 18),
('Trilhas guiadas em parques naturais', 'www.exemplo.com/video49', 4.6, 150, 25.00, 49, 19),
('Show de talentos com artistas locais', 'www.exemplo.com/video50', 4.4, 200, 35.00, 50, 20),
('Festival de folclore e tradições culturais', 'www.exemplo.com/video51', 4.7, 250, 50.00, 51, 21),
('Exposição de tecnologia e inovação', 'www.exemplo.com/video52', 4.9, 180, 60.00, 52, 22),
('Feira de agricultura e sustentabilidade', 'www.exemplo.com/video53', 4.5, 300, 70.00, 53, 23),
('Apresentações de teatro de rua', 'www.exemplo.com/video54', 4.2, 220, 40.00, 54, 24),
('Show de música eletrônica ao ar livre', 'www.exemplo.com/video55', 4.8, 175, 55.00, 55, 25),
('Passeios turísticos de bicicleta', 'www.exemplo.com/video56', 4.6, 150, 30.00, 56, 26),
('Apresentações de corais e grupos vocais', 'www.exemplo.com/video57', 4.4, 120, 45.00, 57, 27),
('Festival de dança contemporânea', 'www.exemplo.com/video58', 4.7, 250, 65.00, 58, 28),
('Feira de antiguidades e colecionáveis', 'www.exemplo.com/video59', 4.9, 200, 75.00, 59, 29),
('Show de stand-up comedy', 'www.exemplo.com/video60', 4.5, 180, 35.00, 60, 30),
('Exposição de arte surrealista', 'www.exemplo.com/video61', 4.2, 250, 50.00, 61, 31),
('Festival de moda e design', 'www.exemplo.com/video62', 4.8, 220, 60.00, 62, 32),
('Trilhas urbanas com guia especializado', 'www.exemplo.com/video63', 4.6, 200, 40.00, 63, 33),
('Apresentação de orquestra sinfônica', 'www.exemplo.com/video64', 4.4, 175, 55.00, 64, 34),
('Festival de comida de rua', 'www.exemplo.com/video65', 4.7, 300, 65.00, 65, 35),
('Feira de artes marciais e cultura oriental', 'www.exemplo.com/video66', 4.9, 150, 70.00, 66, 36),
('Show de blues e jazz ao ar livre', 'www.exemplo.com/video67', 4.5, 250, 50.00, 67, 37),
('Exposição de fotografia documental', 'www.exemplo.com/video68', 4.2, 180, 35.00, 68, 38),
('Festival de arte urbana e grafite', 'www.exemplo.com/video69', 4.8, 220, 45.00, 69, 39),
('Passeios turísticos de ônibus panorâmico', 'www.exemplo.com/video70', 4.6, 300, 55.00, 70, 40),
('Apresentações de dança folclórica', 'www.exemplo.com/video71', 4.4, 150, 25.00, 71, 41),
('Show de rock alternativo', 'www.exemplo.com/video72', 4.7, 200, 65.00, 72, 42),
('Exposição de arte abstrata', 'www.exemplo.com/video73', 4.9, 250, 75.00, 73, 43),
('Feira de produtos regionais', 'www.exemplo.com/video74', 4.5, 180, 30.00, 74, 44),
('Apresentações teatrais ao ar livre', 'www.exemplo.com/video75', 4.2, 220, 40.00, 75, 45),
('Festival de esportes radicais', 'www.exemplo.com/video76', 4.8, 175, 50.00, 76, 46),
('Trilhas ecológicas com observação de aves', 'www.exemplo.com/video77', 4.6, 150, 25.00, 77, 47),
('Show de música clássica ao ar livre', 'www.exemplo.com/video78', 4.4, 300, 55.00, 78, 48),
('Exposição de carros esportivos', 'www.exemplo.com/video79', 4.7, 250, 65.00, 79, 49),
('Feira de cervejas artesanais', 'www.exemplo.com/video80', 4.9, 200, 75.00, 80, 50),
('Apresentação de stand-up e comédia', 'www.exemplo.com/video81', 4.5, 180, 35.00, 81, 51),
('Festival de cinema independente', 'www.exemplo.com/video82', 4.2, 220, 40.00, 82, 52),
('Feira de livros e quadrinhos', 'www.exemplo.com/video83', 4.8, 175, 50.00, 83, 53),
('Show de música sertaneja', 'www.exemplo.com/video84', 4.6, 150, 30.00, 84, 54),
('Passeio noturno pelos principais pontos turísticos', 'www.exemplo.com/video85', 4.4, 300, 60.00, 85, 55),
('Festival de gastronomia internacional', 'www.exemplo.com/video86', 4.7, 250, 70.00, 86, 56),
('Exposição de arte digital', 'www.exemplo.com/video87', 4.9, 200, 75.00, 87, 57),
('Feira de produtos artesanais', 'www.exemplo.com/video88', 4.5, 180, 35.00, 88, 58),
('Apresentação de coral e música erudita', 'www.exemplo.com/video89', 4.2, 220, 40.00, 89, 59),
('Show de reggae e música ao vivo', 'www.exemplo.com/video90', 4.8, 175, 50.00, 90, 60),
('Passeio de barco com jantar incluso', 'www.exemplo.com/video91', 4.6, 150, 70.00, 91, 61),
('Festival de arte contemporânea', 'www.exemplo.com/video92', 4.4, 300, 65.00, 92, 62),
('Exposição de fotos históricas', 'www.exemplo.com/video93', 4.7, 250, 55.00, 93, 63),
('Feira de alimentos saudáveis', 'www.exemplo.com/video94', 4.9, 200, 60.00, 94, 64),
('Apresentações de malabares e circo', 'www.exemplo.com/video95', 4.5, 180, 40.00, 95, 65),
('Festival de música folk', 'www.exemplo.com/video96', 4.2, 220, 50.00, 96, 66),
('Show de música eletrônica', 'www.exemplo.com/video97', 4.8, 175, 55.00, 97, 67),
('Passeios a cavalo em fazendas históricas', 'www.exemplo.com/video98', 4.6, 150, 30.00, 98, 68),
('Exposição de joias e pedras preciosas', 'www.exemplo.com/video99', 4.4, 300, 75.00, 99, 69),
('Feira de frutas exóticas e tropicais', 'www.exemplo.com/video100', 4.7, 250, 65.00, 100, 70);


-- Inserção na tabela pagamento_tour
INSERT INTO pagamento_tour(data_pagamento, ID_tour_virtual, ID_usuario) VALUES
('2024-01-01', 1, 1),
('2024-01-02', 2, 2),
('2024-01-03', 3, 3),
('2024-01-04', 4, 4),
('2024-01-05', 5, 5),
('2024-01-06', 6, 6),
('2024-01-07', 7, 7),
('2024-01-08', 8, 8),
('2024-01-09', 9, 9),
('2024-01-10', 10, 10),
('2024-01-11', 11, 11),
('2024-01-12', 12, 12),
('2024-01-13', 13, 13),
('2024-01-14', 14, 14),
('2024-01-15', 15, 15),
('2024-01-16', 16, 16),
('2024-01-17', 17, 17),
('2024-01-18', 18, 18),
('2024-01-19', 19, 19),
('2024-01-20', 20, 20),
('2024-01-21', 21, 21),
('2024-01-22', 22, 22),
('2024-01-23', 23, 23),
('2024-01-24', 24, 24),
('2024-01-25', 25, 25),
('2024-01-26', 26, 26),
('2024-01-27', 27, 27),
('2024-01-28', 28, 28),
('2024-01-29', 29, 29),
('2024-01-30', 30, 30),
('2024-01-31', 31, 31),
('2024-02-01', 32, 32),
('2024-02-02', 33, 33),
('2024-02-03', 34, 34),
('2024-02-04', 35, 35),
('2024-02-05', 36, 36),
('2024-02-06', 37, 37),
('2024-02-07', 38, 38),
('2024-02-08', 39, 39),
('2024-02-09', 40, 40),
('2024-02-10', 41, 41),
('2024-02-11', 42, 42),
('2024-02-12', 43, 43),
('2024-02-13', 44, 44),
('2024-02-14', 45, 45),
('2024-02-15', 46, 46),
('2024-02-16', 47, 47),
('2024-02-17', 48, 48),
('2024-02-18', 49, 49),
('2024-02-19', 50, 50),
('2024-02-20', 51, 51),
('2024-02-21', 52, 52),
('2024-02-22', 53, 53),
('2024-02-23', 54, 54),
('2024-02-24', 55, 55),
('2024-02-25', 56, 56),
('2024-02-26', 57, 57),
('2024-02-27', 58, 58),
('2024-02-28', 59, 59),
('2024-02-29', 60, 60),
('2024-03-01', 61, 61),
('2024-03-02', 62, 62),
('2024-03-03', 63, 63),
('2024-03-04', 64, 64),
('2024-03-05', 65, 65),
('2024-03-06', 66, 66),
('2024-03-07', 67, 67),
('2024-03-08', 68, 68),
('2024-03-09', 69, 69),
('2024-03-10', 70, 70),
('2024-03-11', 1, 71),
('2024-03-12', 2, 72),
('2024-03-13', 3, 73),
('2024-03-14', 4, 74),
('2024-03-15', 5, 75),
('2024-03-16', 6, 76),
('2024-03-17', 7, 77),
('2024-03-18', 8, 78),
('2024-03-19', 9, 79),
('2024-03-20', 10, 80),
('2024-03-21', 11, 81),
('2024-03-22', 12, 82),
('2024-03-23', 13, 83),
('2024-03-24', 14, 84),
('2024-03-25', 15, 85),
('2024-03-26', 16, 86),
('2024-03-27', 17, 87),
('2024-03-28', 18, 88),
('2024-03-29', 19, 89),
('2024-03-30', 20, 90),
('2024-03-31', 21, 91),
('2024-04-01', 22, 92),
('2024-04-02', 23, 93),
('2024-04-03', 24, 94),
('2024-04-04', 25, 95),
('2024-04-05', 26, 96),
('2024-04-06', 27, 97),
('2024-04-07', 28, 98),
('2024-04-08', 29, 99),
('2024-04-09', 30, 100);

-- Inserção na tabela eventos
INSERT INTO eventos(faixa_etaria, descricao, capacidade, horario, data_inicio, data_termino, preco_pessoa, ID_atracao, ID_tour_virtual) VALUES
('10+', 'Atividade para crianças', 50000, '15:00', '2024-11-01', '2024-11-11', 55.00, 31, 31),
('12+', 'Festa de Halloween', 120, '16:00', '2024-11-02', '2024-11-10', 65.00, 32, 32),
('14+', 'Show de talentos', 1500, '17:00', '2024-11-03', '2024-11-05', 75.00, 33, 33),
('16+', 'Concerto de música clássica', 180, '18:00', '2024-11-02', '2024-11-10', 85.00, 34, 34),
('18+', 'Noite de ópera', 200, '19:00', '2024-11-01', '2024-11-07', 95.00, 35, 35),
('Livre', 'Maratona de filmes', 250, '20:00', '2024-11-07', '2024-11-11', 50.00, 36, 36),
('10+', 'Festival de inverno', 130, '21:00', '2024-11-01', '2024-11-07', 60.00, 37, 37),
('12+', 'Peça de teatro infantil', 140, '22:00', '2024-11-02', '2024-11-12', 70.00, 38, 38),
('14+', 'Gala de dança contemporânea', 160, '23:00', '2024-11-04', '2024-11-12', 80.00, 39, 39),
('16+', 'Espetáculo de mágica', 190, '00:00', '2024-11-09', '2024-11-12', 90.00, 40, 40),
('12+', 'Evento cultural', 110, '16:00', '2024-11-05', '2024-11-15', 60.00, 41, 41),
('14+', 'Feira de artesanato', 140, '17:00', '2024-11-12', '2024-11-20', 70.00, 42, 42),
('16+', 'Festival de dança', 180, '18:00', '2024-11-10', '2024-11-19', 80.00, 43, 43),
('18+', 'Concerto ao vivo', 200, '19:00', '2024-11-09', '2024-11-17', 90.00, 44, 44),
('Livre', 'Noite de jazz', 200, '20:00', '2024-11-02', '2024-11-15', 50.00, 45, 45),
('10+', 'Festival de primavera', 100, '15:00', '2024-11-11', '2024-11-28', 55.00, 46, 46),
('12+', 'Feira de ciências', 120, '16:00', '2024-11-11', '2024-11-19', 65.00, 47, 47),
('14+', 'Show de talentos juvenil', 150, '17:00', '2024-11-12', '2024-11-30', 75.00, 48, 48),
('16+', 'Concerto de música moderna', 180, '18:00', '2024-11-10', '2024-11-27', 85.00, 49, 49),
('18+', 'Ópera ao ar livre', 200, '19:00', '2024-11-06', '2024-11-13', 95.00, 50, 50),
('Livre', 'Noite de filmes clássicos', 250, '20:00', '2024-11-20', '2024-11-30', 50.00, 51, 51),
('10+', 'Festival de teatro infantil', 130, '21:00', '2024-11-21', '2024-11-29', 60.00, 52, 52),
('12+', 'Peça de teatro escolar', 140, '22:00', '2024-11-13', '2024-11-24', 70.00, 53, 53),
('14+', 'Dança contemporânea', 160, '23:00', '2024-11-20', '2024-11-30', 80.00, 54, 54),
('16+', 'Festival de cinema', 190, '00:00', '2024-11-13', '2024-11-17', 90.00, 55, 55),
('18+', 'Show de mágica ao vivo', 110, '16:00', '2024-11-21', '2024-11-27', 60.00, 56, 56),
('10+', 'Evento de artesanato infantil', 100, '15:00', '2024-11-16', '2024-11-30', 55.00, 57, 57),
('12+', 'Festival de livros', 120, '16:00', '2024-11-17', '2024-11-23', 65.00, 58, 58),
('14+', 'Feira de arte', 150, '17:00', '2024-11-12', '2024-11-29', 75.00, 59, 59),
('16+', 'Concerto de piano', 180, '18:00', '2024-10-18', '2024-11-21', 85.00, 60, 60);

-- Inserção na tabela admin
INSERT INTO admin (nome, email, senha, url_imagem) VALUES 
('sofia', 'sofia.santana@germinare.org.br','syst1303', 'remix-efa71d19-84c9-4314-a3fb-a18035c64a66.png');
